tag,airnumber,age,sex,Bmdlocaclity,ST,year,month,day,wing,weight,lat,long,origin,dead
H11,0738-02375,0,0,Belbutte,SK,2003,8,5,,,53.4167,-105.7500,y,alive
H12,0738-02376,0,0,Belbutte,SK,2003,8,5,,,53.4167,-105.7500,y,alive
H12,0738-02376,0,0,Belbutte,SK,2003,8,5,,,53.4167,-105.7500,y,alive
H12,0738-02376,0,0,Belbutte,SK,2003,8,5,,,53.4167,-105.7500,y,alive
H12,0738-02376,0,0,Belbutte,SK,2003,8,5,,,53.4167,-105.7500,y,alive
H12,0738-02376,0,0,Belbutte,SK,2003,8,5,,,53.4167,-105.7500,y,alive
H12,0738-02376,0,0,Belbutte,SK,2003,8,5,,,53.4167,-105.7500,y,alive
H12,0738-02376,0,0,Belbutte,SK,2003,8,5,,,53.4167,-105.7500,y,alive
H12,0738-02376,0,0,Belbutte,SK,2003,8,5,,,53.4167,-105.7500,y,alive
H12,0738-02376,0,0,Belbutte,SK,2003,8,5,,,53.4167,-105.7500,y,alive
H12,0738-02376,0,0,Belbutte,SK,2003,8,5,,,53.4167,-105.7500,y,alive
H12,0738-02376,0,0,Belbutte,SK,2003,8,5,,,53.4167,-105.7500,y,alive
H12,0738-02376,0,0,Belbutte,SK,2003,8,5,,,53.4167,-105.7500,y,alive
H12,0738-02376,0,0,Belbutte,SK,2003,8,5,,,53.4167,-105.7500,y,alive
H12,0738-02376,0,0,Belbutte,SK,2003,8,5,,,53.4167,-105.7500,y,alive
H13,0738-02377,0,0,Leoville,SK,2003,8,5,,,53.4167,-107.7500,y,alive
H13,0738-02377,0,0,Leoville,SK,2003,8,5,,,53.4167,-107.7500,y,alive
H13,0738-02377,0,0,Leoville,SK,2003,8,5,,,53.4167,-107.7500,y,alive
H15,0738-02379,0,0,E of Mont Nebo,SK,2003,8,5,,,53.2500,-106.7500,y,alive
H15,0738-02379,0,0,E of Mont Nebo,SK,2003,8,5,,,53.2500,-106.7500,y,alive
H15,0738-02379,0,0,E of Mont Nebo,SK,2003,8,5,,,53.2500,-106.7500,y,alive
H17,0738-02381,0,0,Smuts,SK,2003,8,6,,,52.4167,-106.0833,y,alive
H17,0738-02381,0,0,Smuts,SK,2003,8,6,,,52.4167,-106.0833,y,alive
H17,0738-02381,0,0,Smuts,SK,2003,8,6,,,52.4167,-106.0833,y,alive
H17,0738-02381,0,0,Smuts,SK,2003,8,6,,,52.4167,-106.0833,y,alive
H17,0738-02381,0,0,Smuts,SK,2003,8,6,,,52.4167,-106.0833,y,alive
H17,0738-02381,0,0,Smuts,SK,2003,8,6,,,52.4167,-106.0833,y,alive
H17,0738-02381,0,0,Smuts,SK,2003,8,6,,,52.4167,-106.0833,y,alive
H17,0738-02381,0,0,Smuts,SK,2003,8,6,,,52.4167,-106.0833,y,alive
H19,0738-02383,0,0,Archerwill,SK,2003,8,6,,,52.4167,-103.9167,y,alive
H26,0738-02390,0,0,W of Leoville,SK,2004,8,5,,,52.5833,-107.7500,y,alive
H29,0738-02393,0,0,E of Mont Nebo,SK,2004,8,5,,,53.5833,-106.4167,y,alive
H31,0738-02395,0,0,NE Canwood,SK,2004,8,5,,,53.5833,-106.0833,y,alive
H36,0738-02400,0,0,Archerwill,SK,2004,8,6,,,52.4167,-103.9167,y,alive
H36,0738-02400,0,0,Archerwill,SK,2004,8,6,,,52.4167,-103.9167,y,alive
H36,0738-02400,0,0,Archerwill,SK,2004,8,6,,,52.4167,-103.9167,y,alive
H36,0738-02400,0,0,Archerwill,SK,2004,8,6,,,52.4167,-103.9167,y,alive
H36,0738-02400,0,0,Archerwill,SK,2004,8,6,,,52.4167,-103.9167,y,alive
C9,0738-02483,0,0,S of Neudorf,SK,2010,8,8,416,,50.6586,-103.1397,y,alive
E2,0738-02495,0,0,N of Garrick,SK,2010,8,7,265,,53.6781,-104.2175,y,alive
E5,0738-02498,0,0,NNE White Fox,SK,2010,8,7,372,,53.5544,-104.0239,y,alive
H45,0738-02505,0,0,N of Kendal,SK,2004,8,8,,,50.4167,-103.5831,y,alive
H50,0738-02509,0,0,Hanley,SK,2004,8,9,,,51.5833,-106.4167,y,alive
H50,0738-02509,0,0,Hanley,SK,2004,8,9,,,51.5833,-106.4167,y,alive
H50,0738-02509,0,0,Hanley,SK,2004,8,9,,,51.5833,-106.4167,y,alive
H53,0738-02512,0,0,Shell Lake,SK,2004,8,12,,,53.2500,-107.0833,y,alive
H56,0738-02518,0,0,Yellow Creek,SK,2005,8,5,,,52.7500,-105.2500,y,alive
H58,0738-02520,0,0,Hanley,SK,2005,8,6,,,51.5833,-106.4167,y,alive
H59,0738-02521,0,0,Hanley,SK,2005,8,6,,,51.5833,-106.4167,y,alive
H60,0738-02522,0,0,Shell Lake,SK,2005,8,6,,,53.2500,-107.0833,y,alive
H60,0738-02522,0,0,Shell Lake,SK,2005,8,6,,,53.2500,-107.0833,y,alive
H62,0738-02524,0,0,Belbutte,SK,2005,8,6,,,53.4167,-107.7500,y,alive
H64,0738-02526,0,0,W of Leoville,SK,2005,8,6,,,53.5833,-107.6667,y,alive
H66,0738-02528,0,0,E of Carrot River,SK,2005,8,7,,,53.2500,-103.2500,y,alive
H69,0738-02531,0,0,E of Arborfield,SK,2005,8,7,,,53.0353,-103.4667,y,alive
H69,0738-02531,0,0,E of Arborfield,SK,2005,8,7,,,53.0353,-103.4667,y,alive
H69,0738-02531,0,0,E of Arborfield,SK,2005,8,7,,,53.0353,-103.4667,y,alive
H74,0738-02536,0,0,Nut Mountain,SK,2005,8,7,,,52.0833,-103.4167,y,alive
H75,0738-02537,0,0,Sturgis,SK,2005,8,7,,,51.9167,-102.5833,y,alive
H76,0738-02538,0,0,Sturgis,SK,2005,8,7,,,51.9167,-102.5833,y,alive
H82,0738-02544,0,0,MacNutt,SK,2005,8,8,,,51.0833,-101.5833,y,alive
H84,0738-02546,0,0,MacNutt,SK,2005,8,8,,,51.0833,-101.5833,y,alive
H93,0738-02555,0,0,Henribourg,SK,2005,8,11,,,53.4167,-105.5833,y,alive
H97,0738-02559,0,0,Porcupine Plain,SK,2005,8,20,,,52.5833,-103.2500,y,alive
T10,0738-02567,0,0,Smuts,SK,2006,8,1,,,52.4167,-106.0833,y,alive
T11,0738-02512,6,0,Smuts,SK,2006,8,1,,,,,y,alive
T13,0738-02570,6,0,Shell Lake,SK,2006,8,1,,,53.2500,-107.0833,y,alive
T14,0738-02571,3,0,E of Bethune,SK,2006,8,3,422,,50.7500,-105.0833,y,alive
T23,0738-02580,8,0,N of Kendal,SK ,2006,8,3,430,,50.4167,-103.5833,y,alive
T23,0738-02580,9,0,N of Kendal,SK ,2006,8,3,430,,50.4167,-103.5833,y,alive
T23,0738-02580,1,0,N of Kendal,SK ,2006,8,3,430,,50.4167,-103.5833,y,alive
T28,0738-02585,6,0,Earl Grey,SK,2006,8,4,371,,50.9167,-104.7500,y,alive
T28,0738-02585,6,0,Earl Grey,SK,2006,8,4,371,,50.9167,-104.7500,y,alive
T29,0738-02586,6,0,Gibbs/ Bullyea,SK,2006,8,4,406,,50.9167,-104.9167,y,alive
 T29,0738-02586,6,0,Gibbs,SK,2006,8,4,406,,50.9167,-104.9167,y,alive
T34,0738-02591,7,0,E of Kelvington,SK,2006,8,4,420,,52.2500,-103.4167,y,alive
T34,0738-02591,7,0,E of Kelvington,SK,2006,8,4,420,,52.2500,-103.4167,y,alive
T35,0738-02592,8,0,E of Kelvington,SK,2006,8,4,425,,52.2500,-103.4167,y,alive
T35,0738-02592,10,0,E of Kelvington,SK,2006,8,4,425,,52.2500,-103.4167,y,alive
T35,0738-02592,8,0,E of Kelvington,SK,2006,8,4,425,,52.2500,-103.4167,y,alive
T37,0738-02594,3,0,S of Chelan,SK,2006,8,4,360,,52.4167,-103.4167,y,alive
T37,0738-02594,4,0,S of Chelan,SK,2006,8,4,360,,52.4167,-103.4167,y,alive
T37,0738-02594,5,0,S of Chelan,SK,2006,8,4,360,,52.4167,-103.4167,y,alive
T40,0738-02597,4,0,S of Chelan,SK,2006,8,4,415,,52.4167,-103.4167,y,alive
T41,0738-02598,2,0,S of Chelan,SK,2006,8,4,418,,52.4167,-103.4167,y,alive
T54,0738-03611,0,0,W of Leoville,SK,2006,8,6,456,,53.5833,-107.7500,y,alive
T54,0738-03611,0,0,W of Leoville,,,,,,,,,y,alive
T55,0738-03612,0,0,W of Leoville,,,,,,,,,y,alive
T58,0738-03615,0,0,E of Big River,SK,2006,8,6,406,,53.7500,-106.7500,y,alive
T64 ,0738-03621,0,0,Pascal,SK,2006,8,6,408,,53.5833,-107.0833,y,alive
T64 ,0738-03621,0,0,Pascal,SK,2006,8,6,408,,53.5833,-107.0833,y,alive
T64 ,0738-03621,0,0,Pascal,SK,2006,8,6,408,,53.5833,-107.0833,y,alive
T64 ,0738-03621,0,0,Pascal,SK,2006,8,6,408,,53.5833,-107.0833,y,alive
T67,0738-03624,0,0,Yellow Creek,SK,2006,8,8,437,,52.7500,-102.2500,y,alive
T78,0738-03635,0,0,N of Maryfield,SK,2006,8,8,485,,49.9167,-101.5833,y,alive
T82,0738-03639,0,0,Dropmore,MB,2006,8,9,375,,51.0833,-101.4167,y,alive
T82,0738-03639,0,0,Dropmore,MB,2006,8,9,375,,51.0833,-101.4167,y,alive
T83,0738-03640,0,0,MacNutt,SK,2006,8,9,467,,51.0833,-101.5833,y,alive
T88,0738-03645,0,0,Shell Lake,SK,2006,8,11,394,,53.2500,-107.0833,y,alive
T93,0738-03650,0,0,S of Fielding,SK,2006,8,21,335,,52.4167,-107.5833,y,alive
A11,0738-03659,0,0,W of Duval,SK,2007,8,1,340,,51.0167,-105.0833,y,alive
A20,0738-03668,0,0,E of Kelvington,SK,2007,8,2,351,,52.2500,-103.4167,y,alive
A22,0738-03670,0,0,S of Chelan,SK,2007,8,2,365,,52.4167,-103.4167,y,alive
A24,0738-03672,0,0,S of Chelan,SK,2007,8,2,371,,52.4167,-103.4167,y,alive
A26,0738-03674,0,0,Porcupine Plain,SK,2007,8,2,346,,52.5831,-103.2500,y,alive
A30,0736-03678,0,0,W Pleasantdale,SK,2007,8,2,,,52.6650,-104.8114,y,alive
A30,0738-03678,0,0,W Pleasantdale,SK,2007,8,2,331,,52.5833,-104.7500,y,alive
A33,0738-03681,0,,Ranger - Transmit,SK,2007,8,5,395,,53.5833,-107.7500,y,alive
A33,0738-03681,0,,Ranger - Transmit,SK,2007,8,5,395,,53.5833,-107.7500,y,alive
A33,0738-03681,0,,Ranger - Transmit,SK,2007,8,5,395,,53.5833,-107.7500,y,alive
A41,0738-03689,0,0,E Paddockwood,SK,2007,8,6,352,,53.5833,-105.4167,y,alive
A42,0738-03690,0,0,E Paddockwood,SK,2007,8,6,341,,53.5833,-105.4167,y,alive
A43,0738-03691,0,0,Dana,SK,2007,8,6,403,,52.2336,-105.8019,y,alive
A43,0738-03691,0,0,Dana,SK,2007,8,6,403,,52.2336,-105.8019,y,alive
A43,0738-03691,0,0,Dana,SK,2007,8,6,403,,52.2336,-105.8019,y,alive
A43,0738-03691,0,0,Dana,SK,2007,8,6,403,,52.2336,-105.8019,y,alive
A43,0738-03691,0,0,Dana,SK,2007,8,6,403,,52.2336,-105.8019,y,alive
A43,0738-03691,0,0,Dana,SK,2007,8,6,403,,52.2336,-105.8019,y,alive
A43,0738-03691,0,0,Dana,SK,2007,8,6,403,,52.2336,-105.8019,y,alive
A44,0738-03691,0,0,Meacham,SK,2007,8,6,392,,52.2339,-105.8019,y,alive
A45,0738-03694,0,0,N of Maidstone,SK,2007,8,8,389,,53.2500,-109.2500,y,alive
A49,0738-03698,0,0,S of Holbein,SK,2007,8,10,382,,53.0833,-106.2500,y,alive
A50,0738-03699,0,0,S of Holbein,SK,2007,8,10,386,,53.0833,-106.2500,y,alive
A50,0738-03699,0,0,S of Holbein,SK,2007,8,10,386,,53.0833,-106.2500,y,alive
A50,0738-03699,0,0,S of Holbein,SK,2007,8,10,386,,53.0833,-106.2500,y,alive
A50,0738-03699,0,0,S of Holbein,SK,2007,8,10,386,,53.0833,-106.2500,y,alive
A50,0738-03699,0,0,S of Holbein,SK,2007,8,10,386,,53.0833,-106.2500,y,alive
A50,0738-03699,0,0,S of Holbein,SK,2007,8,10,386,,53.0833,-106.2500,y,alive
A56,0738-03705,0,0,Carrot River,SK,2007,8,11,373,,53.2500,-103.2500,y,alive
A59,0738-03708,0,0,Dropmore,MB,2007,8,11,374,,51.0833,-101.4167,y,alive
A62,0738-03711,0,0,Shellmouth,MB,2007,8,11,412,,50.9167,-101.4167,y,alive
A67,0738-03717,0,0,Porcupine Plain,SK,2007,8,15,402,,52.5833,-103.2500,y,alive
A2,0738-03754,0,0,Prongua,SK,2009,8,8,365,,52.7642,-108.5947,y,alive
A5,0738-03757,0,0,Prongua,SK,2009,8,8,404,,52.6953,-108.5822,y,alive
A8,0738-03560,0,0,Edam,SK,2009,8,8,399,,53.2528,-108.7058,y,alive
A75,0738-03725,0,0,Petrofka,SK,2007,8,23,472,,52.5944,-106.9119,y,alive
A86,0738-03766,0,0,N of Langham,SK,2009,9,8,340,,52.5947,-106.9011,y,alive
A86,0738-03766,0,0,N of Langham,SK,2009,9,8,340,,52.5947,-106.9011,y,alive
A86,0738-03766,0,0,N of Langham,SK,2009,9,8,340,,52.5947,-106.9011,y,alive
A86,0738-03766,0,0,N of Langham,SK,2009,9,8,340,,52.5947,-106.9011,y,alive
A86,0738-03766,0,0,N of Langham,SK,2009,9,8,340,,52.5947,-106.9011,y,alive
A86,0738-03766,0,0,N of Langham,SK,2009,9,8,340,,52.5947,-106.9011,y,alive
A86,0738-03766,0,0,N of Langham,SK,2009,9,8,340,,52.5947,-106.9011,y,alive
A88,0738-03768,0,0,Hagen,SK,2009,8,30,322,,52.9758,-105.5683,y,alive
A88,0738-03768,0,0,Hagen,SK,2009,8,30,322,,52.9758,-105.5683,y,alive
A91,0738-03771,0,0,E of Glaslyn,SK,2009,8,23,430,,53.3728,-108.1964,y,alive
A92,0738-03772,0,0,W of Strasbourg,SK,2009,8,24,414,,51.0208,-105.0322,y,alive
A97,0738-03777,0,0,N of Duck Lake,SK,2009,8,25,410,,52.9028,-106.3175,y,alive
S8,0738-03788,0,0,SSE Indian Head,SK,2009,8,6,410,,50.4297,-103.5947,y,alive
S11,0738-03791,0,0,Kendal,SK,2009,8,6,423,,50.2589,-103.6433,y,alive
S11,0738-03791,0,0,Kendal,SK,2009,8,6,423,,50.2589,-103.6433,y,alive
S11,0738-03791,0,0,Kendal,SK,2009,8,6,423,,50.2589,-103.6433,y,alive
S11,0738-03791,0,0,Kendal,SK,2009,8,6,423,,50.2589,-103.6433,y,alive
S11,0738-03791,0,0,Kendal,SK,2009,8,6,423,,50.2589,-103.6433,y,alive
S11,0738-03791,0,0,Kendal,SK,2009,8,6,423,,50.2589,-103.6433,y,alive
S11,0738-03791,0,0,Kendal,SK,2009,8,6,423,,50.2589,-103.6433,y,alive
S11,0738-03791,0,0,Kendal,SK,2009,8,6,423,,50.2589,-103.6433,y,alive
S11,0738-03791,0,0,Kendal,SK,2009,8,6,423,,50.2589,-103.6433,y,alive
S11,0738-03791,0,0,Kendal,SK,2009,8,6,423,,50.2589,-103.6433,y,alive
S11,0738-03791,0,0,Kendal,SK,2009,8,6,423,,50.2589,-103.6433,y,alive
S11,0738-03791,0,0,Kendal,SK,2009,8,6,423,,50.2589,-103.6433,y,alive
S11,0738-03791,0,0,Kendal,SK,2009,8,6,423,,50.2589,-103.6433,y,alive
S11,0738-03791,0,0,Kendal,SK,2009,8,6,423,,50.2589,-103.6433,y,alive
S11,0738-03791,0,0,Kendal,SK,2009,8,6,423,,50.2589,-103.6433,y,alive
S11,0738-03791,0,0,Kendal,SK,2009,8,6,423,,50.2589,-103.6433,y,alive
S11,0738-03791,0,0,Kendal,SK,2009,8,6,423,,50.2589,-103.6433,y,alive
S12,7380-03792,0,0,SSE Oakshela,SK,2009,8,6,387,,50.2758,-102.7100,y,alive
S13,0738-03793,0,0,SSE of Oakshela,SK,2009,8,6,389,,50.2758,-102.7100,y,alive
S17,0738-03797,0,0,Victoire,SK,2009,8,8,390,,53.5597,-107.0375,y,alive
S18,0738-03798,0,0,Canwood,SK,2009,8,8,390,,53.3964,-106.6081,y,alive
B1,0738-04502,0,0,Langham,SK,2008,7,29,373,,52.5833,-106.9167,y,alive
B1,0738-04502,0,0,Langham,SK,2008,7,29,373,,52.5833,-106.9167,y,alive
B14,0738-04515,0,0,E of Debden,SK,2008,8,5,365,,53.5833,-106.7500,y,alive
B21,0738-04522,0,0,E of Carrot River,SK,2008,8,6,355,,53.2500,-103.2500,y,alive
B25,0738-04526,0,0,Porcupine Plain,SK,2008,8,6,337,,52.5833,-103.2500,y,alive
B27,0738-04528,0,0,Porcupine Plain,SK,2008,8,6,350,,52.5831,-103.2500,y,alive
B29,0738-04530,0,0,S of Chelan,SK,2008,8,6,379,,52.4394,-103.4678,y,alive
B29,0738-04530,0,0,S of Chelan,SK,2008,8,6,379,,52.4394,-103.4678,y,alive
B29,0738-04530,0,0,S of Chelan,SK,2008,8,6,379,,52.4394,-103.4678,y,alive
B29,0738-04530,0,0,S of Chelan,SK,2008,8,6,,,,,y,alive
B29,0738-04530,0,0,S of Chelan,SK,2008,8,6,379,,52.4394,-103.4678,y,alive
B29,0738-04530,0,0,S of Chelan,SK,2008,8,6,379,,,,y,alive
B30,0738-04531,0,0,S of Chelan,SK,2008,8,6,379,,52.4394,-103.4678,y,alive
B31,0738-04532,0,0,S of Chelan,SK,2008,8,6,365,,52.4167,-103.4167,y,alive
B32,0738-04533,0,0,S of Chelan,SK,2008,8,6,353,,52.4167,-103.4167,y,alive
B33,0738-04534,0,0,E of Kelvington,SK,2008,8,6,410,,52.2500,-103.4167,y,alive
B34,0738-04535,0,0,E of Kelvington,SK,2008,8,6,426,,52.2500,-103.4167,y,alive
B34,0738-04535,0,0,E of Kelvington,SK,2008,8,6,426,,52.2500,-103.4167,y,alive
B34,0738-04535,0,0,E of Kelvington,SK,2008,8,6,426,,52.2500,-103.4167,y,alive
B34,0738-04535,0,0,E of Kelvington,SK,2008,8,6,426,,52.2500,-103.4167,y,alive
B34,0738-04535,0,0,E of Kelvington,SK,2008,8,6,426,,52.2500,-103.4167,y,alive
B34,0738-04535,0,0,E of Kelvington,SK,2008,8,6,426,,52.2500,-103.4167,y,alive
B34,0738-04535,0,0,E of Kelvington,SK,2008,8,6,426,,52.2500,-103.4167,y,alive
B36,0738-04537,0,0,Kelvington,SK,2008,8,6,395,,52.2711,-103.5286,y,alive
B42,0738-04543,0,0,Borden,SK,2008,8,9,356,,52.4167,-107.2500,y,alive
B44,0738-04545,0,0,W of Meacham,SK,2008,8,11,374,,52.0478,-105.9778,y,alive
B56,0738-04557,0,0,Kendal,SK,2008,8,12,434,,50.2500,-103.5833,y,alive
B56,0738-04557,0,0,Kendal,SK,2008,8,12,434,,50.2500,-103.5833,y,alive
B56,0738-04557,0,0,Kendal,SK,2008,8,12,434,,50.2500,-103.5833,y,alive
B56,0738-04557,0,0,Kendal,SK,2008,8,12,434,,50.2500,-103.5833,y,alive
B56,0738-04557,0,0,Kendal,SK,2008,8,12,434,,50.2500,-103.5833,y,alive
B59,0738-04560,0,0,E of Craven,SK,2008,8,12,404,,50.7036,-104.5917,y,alive
B59,0738-04560,0,0,E of Craven,SK,2008,8,12,404,,50.7036,-104.5917,y,alive
B59,0738-04560,0,0,E of Craven,SK,2008,8,12,404,,50.8703,-104.5875,y,alive
B59,0738-04560,0,0,E of Craven,SK,2008,8,12,404,,50.8703,-104.5875,y,alive
B60,0738-04561,0,0,E of Craven,SK,2008,8,12,412,,50.7036,-104.5917,y,alive
B60,0738-04561,0,0,E of Craven,SK,2008,8,12,,,50.7036,-104.5917,y,alive
B62,0738-04563,0,0,Earl Grey,SK,2008,8,12,430,,50.9167,-104.7500,y,alive
B65,0738-4566,0,0,Maymont,SK,2008,8,13,360,,52.5831,-107.7500,y,alive
B71,0738-04572,0,0,Meath Park,SK,2008,8,14,364,,53.4167,-105.4167,y,alive
B73,0738-04574,0,0,W Pleasantdale,SK,2008,8,16,422,,52.6650,-104.7500,y,alive
B73,0738-04574,0,0,W Pleasantdale,SK,2008,8,16,422,,52.5833,-104.7500,y,alive
B73,0738-04574,0,0,W Pleasantdale,SK,2008,8,16,422,,52.5833,-104.7500,y,alive
B79,0738-04580,0,0,Cater,SK,2008,8,18,360,,53.4167,-108.0833,y,alive
B82,0738-04583,0,0,Canwood,SK,2008,8,18,412,,53.4167,-106.5833,y,alive
B82,0738-04583,0,0,Canwood,SK,2008,8,18,412,,53.4167,-106.5833,y,alive
B82,0738-04583,0,0,Canwood,SK,2008,8,18,412,,53.4167,-106.5833,y,alive
B85,0738-04586,0,0,N of Canwood,SK,2008,8,18,415,,53.5833,-106.5833,y,alive
B85,0738-04586,0,0,N of Canwood,SK,2008,8,18,415,,53.5833,-106.5833,y,alive
B87,0738-04588,0,0,N of White Fox,SK,2008,8,24,408,,53.5833,-104.0833,y,alive
B87,0738-04588,0,0,N of White Fox,SK,2008,8,24,408,,53.5833,-104.0833,y,alive
B88,0738-04589,0,0,N of White Fox,SK,2008,8,24,403,,53.5831,-104.0831,y,alive
B90,0738-04591,0,0,W of Chelan,SK,2008,8,24,430,,52.5833,-103.5833,y,alive
B90,0738-04591,0,0,W of Chelan,SK,2008,8,24,430,,52.5833,-103.5833,y,alive
B92,0738-04593,0,0,Archerwill,SK,2008,8,24,452,,52.3933,-103.2525,y,alive
B95,0738-04596,0,0,S of Holbein,SK,2008,9,4,404,,53.0831,-106.2500,y,alive
S21,0738-04601,0,0,Canwood W,SK,2009,8,8,406,,53.4325,-106.6422,y,alive
S21,0738-04601,0,0,Canwood W,SK,2009,8,8,406,,53.4325,-106.6422,y,alive
S21,0738-04601,0,0,Canwood W,SK,2009,8,8,406,,53.4325,-106.6422,y,alive
S21,0738-04601,0,0,Canwood W,SK,2009,8,8,406,,53.4325,-106.6422,y,alive
S21,0738-04601,0,0,Canwood W,SK,2009,8,8,406,,53.4325,-106.6422,y,alive
S23,0738-04603,0,0,W of Canwood,SK,2009,8,8,374,,53.4856,-106.7044,y,alive
S24,0738-04604,0,0,E of Debden,SK,2009,8,8,384,,53.6164,-106.8017,y,alive
S35,0738-04615,0,0,Weirdale,SK,2009,8,10,382,,53.3703,-105.1969,y,alive
S35,0738-04615,0,0,Weirdale,SK,2009,8,10,382,,53.3703,-105.1969,y,alive
S36,0738-04616,0,0,W of Pas Trail,SK,2009,8,10,425,,53.5106,-103.8867,y,alive
S38,0738-04618,0,0,W of Pas Trail,SK,2009,8,10,399,,53.5269,-103.9478,y,alive
S38,0738-04618,0,0,W of Pas Trail,SK,2009,8,10,399,,53.5269,-103.9478,y,alive
S39,0738-04619,0,0,W of Pas Trail,SK,2009,8,10,392,,53.5269,-103.9478,y,alive
S61,0738-04641,0,0,E of Kelvington,SK,2009,8,12,430,,52.3275,-103.4428,y,alive
S69,0738-04649,0,0,S of Pathlow,SK,2009,8,12,443,,52.6650,-104.8133,y,alive
S71,0738-04651,0,0,St. Brieux,SK,2009,8,12,441,,52.5925,-104.8931,y,alive
S71,0738-04651,0,0,St. Brieux,SK,2009,8,12,441,,52.5925,-104.8931,y,alive
S71,0738-04651,0,0,St. Brieux,SK,2009,8,12,441,,52.5925,-104.8931,y,alive
S71,0738-04651,0,0,St. Brieux,SK,2009,8,12,441,,52.5925,-104.8931,y,alive
S73,0738-04653,0,0,W of St. Brieux,SK,2009,8,12,443,,52.6089,-105.0169,y,alive
S73,0738-04653,0,0,W of St. Brieux,SK,2009,8,12,443,,52.6089,-105.0169,y,alive
S73,0738-04653,0,0,W of St. Brieux,SK,2009,8,12,443,,52.6089,-105.0169,y,alive
S73,0738-04653,0,0,W of St. Brieux,SK,2009,8,12,443,,52.6089,-105.0169,y,alive
S73,0738-04653,0,0,W of St. Brieux,SK,2009,8,12,443,,52.6089,-105.0169,y,alive
S73,0738-04653,0,0,W of St. Brieux,SK,2009,8,12,443,,52.6089,-105.0169,y,alive
S73,0738-04653,0,0,W of St. Brieux,SK,2009,8,12,443,,52.6089,-105.0169,y,alive
S73,0738-04653,0,0,W of St. Brieux,SK,2009,8,12,443,,52.6089,-105.0169,y,alive
S73,0738-04653,0,0,W of St. Brieux,SK,2009,8,12,443,,52.6089,-105.0169,y,alive
S73,0738-04653,0,0,W of St. Brieux,SK,2009,8,12,443,,52.6089,-105.0169,y,alive
S73,0738-04653,0,0,W of St. Brieux,SK,2009,8,12,443,,52.6089,-105.0169,y,alive
S73,0738-04653,0,0,W of St. Brieux,SK,2009,8,12,443,,52.6089,-105.0169,y,alive
S73,0738-04653,0,0,W of St. Brieux,SK,2009,8,12,443,,52.6089,-105.0169,y,alive
S73,0738-04653,0,0,W of St. Brieux,SK,2009,8,12,443,,52.6089,-105.0169,y,alive
S77,0738-04657,0,0,E of Borden,SK,2009,8,13,420,,52.4639,-107.0208,y,alive
S78,0738-04658,0,0,Krydor,SK,2009,8,13,380,,52.7467,-107.0928,y,alive
S80,0738-04660,0,0,Parkside,SK,2009,8,13,405,,53.0539,-106.5164,y,alive
S90,0738-04670,0,0,Warman,SK,2009,8,17,382,,52.3219,-106.5842,y,alive
S90,0738-04670,0,0,Warman,SK,2009,8,17,382,,52.3219,-106.5842,y,alive
S90,0738-04670,0,0,Warman,SK,2009,8,17,382,,52.3219,-106.5842,y,alive
S92,0738-04672,0,0,S of Pike Lake,SK,2009,8,17,405,,51.7581,-106.7711,y,alive
S93,0738-04673,0,0,S of Pike Lake,SK,2009,8,20,425,,51.7581,-106.7711,y,alive
C41,0738-05462,0,0,E of Delisle,SK,2010,8,3,396,,51.9108,-106.9239,y,alive
C41,0738-05462,0,0,E of Delisle,SK,2010,8,3,396,,51.9108,-106.9239,y,alive
C41,0738-05462,0,0,E of Delisle,SK,2010,8,3,396,,51.9108,-106.9239,y,alive
C41,0738-05462,0,0,E of Delisle,SK,2010,8,3,396,,51.9108,-106.9239,y,alive
C43,0738-05464,0,0,E of Borden,SK,2010,8,3,379,,52.4158,-107.1547,y,alive
C43,0738-05464,0,0,E of Borden,SK,2010,8,3,379,,52.4158,-107.1547,y,alive
C56,0738-05477,0,0,Prongua,SK,2010,8,4,405,,52.6953,-108.5822,y,alive
C56,0738-05477,0,0,Prongua,SK,2010,8,4,405,,52.6953,-108.5822,y,alive
C57,0738-05478,0,0,Robinhood,SK,2010,8,4,382,,53.2931,-108.2456,y,alive
C59,0738-05480,0,0,S of Onion Lake,SK,2010,8,5,319,,53.6125,-109.8539,y,alive
C59,0738-05480,0,0,S of Onion Lake,SK,2010,8,5,319,,53.6125,-109.8539,y,alive
C40,0738-05486,0,0,E of Edam,SK,2010,8,5,389,,53.2783,-108.6342,y,alive
C2,0738-05494,0,0,SW Summerberry,SK,2010,8,8,377,,50.3508,-103.1689,y,alive
C4,0738-05496,0,0,SSE of Oakshela,SK,2010,8,8,435,,50.2758,-102.7100,y,alive
C4,0738-05496,0,0,SSE of Oakshela,SK,2010,8,8,435,,50.2758,-102.7100,y,alive
E12,0738-05705,0,0,E of Carrot River,SK,2010,8,8,190,,53.3036,-103.2722,y,alive
E12,0738-05705,0,0,E of Carrot River,SK,2010,8,8,190,,53.3036,-103.2722,y,alive
E14,0738-05707,0,0,Jordan River,SK,2010,8,8,360,,53.1181,-103.4575,y,alive
E15,0738-05708,0,0,E Zenon Park,,2010,8,8,368,,53.0353,-103.4664,y,alive
E15,0738-05708,0,0,E Zenon Park,,2010,8,8,368,,53.0353,-103.4664,y,alive
E19,0738-05712,0,0,W of Beatty,SK,2010,8,8,310,,52.9583,-104.8336,y,alive
E23,0738-05716,0,0,N Paddockwood,SK,2010,8,10,397,,53.5917,-105.5233,y,alive
E24,0738-05717,0,0,NNE Holbein,SK,2010,8,11,310,,53.3511,-106.1567,y,alive
K2,0738-05720,0,0,WSW St. Brieux,SK,2010,8,3,391,,52.6089,-105.0750,y,alive
K2,0738-05720,0,0,WSW St. Brieux,SK,2010,8,3,391,,52.6089,-105.0750,y,alive
K3,0738-05721,0,0,St. Brieux,SK,2010,8,3,382,,52.5981,-104.8925,y,alive
K5,0738-05723,0,0,S of Pathlow,SK,2010,8,3,362,,52.6650,-104.8114,y,alive
K5,0738-05723,0,0,S of Pathlow,SK,2010,8,3,362,,52.6650,-104.8114,y,alive
K7,0738-05725,0,0,WSW St. Front,SK,2010,8,3,393,,52.3475,-104.2961,y,alive
K8,0738-05726,0,0,WSW St. Front,SK,2010,8,3,403,,52.3475,-104.2961,y,alive
K8,0738-05726,0,0,WSW St. Front,SK,2010,8,3,403,,52.3475,-104.2961,y,alive
K10,0738-05728,0,0,SW of Nora,SK,2010,8,3,398,,52.3933,-103.8525,y,alive
K10,0738-05728,0,0,SW of Nora,SK,2010,8,3,398,,52.3933,-103.8525,y,alive
K10,0738-05728,0,0,SW of Nora,SK,2010,8,3,398,,52.3933,-103.8525,y,alive
K10,0738-05728,0,0,SW of Nora,SK,2010,8,3,398,,52.3933,-103.8525,y,alive
K10,0738-05728,0,0,SW of Nora,SK,2010,8,3,398,,52.3933,-103.8525,y,alive
K11,0738-05729,0,0,E of Archerwill,SK,2010,8,3,391,,52.4719,-103.7592,y,alive
K11,0738-05729,0,0,E of Archerwill,SK,2010,8,3,391,,52.4719,-103.7592,y,alive
K11,0738-05729,0,0,E of Archerwill,SK,2010,8,3,391,,52.4719,-103.7592,y,alive
K12,0738-05730,0,0,SSW Pre Ste Marie,SK,2010,8,3,415,,52.5833,-103.6858,y,alive
K13,0738-05731,0,0,SSW Pre Ste Marie,SK,2010,8,3,422,,52.5833,-103.6858,y,alive
K19,0738-05737,0,0,NE of Shellmouth,MB,2010,8,4,380,,50.9744,-101.4461,y,alive
K19,0738-05737,0,0,NE of Shellmouth,MB,2010,8,4,380,,50.9744,-101.4461,y,alive
K19,0738-05737,0,0,NE of Shellmouth,MB,2010,8,4,380,,50.9744,-101.4461,y,alive
K24,0738-05742,0,0,E of Grayson,SK,2010,8,4,386,,50.7253,-102.6211,y,alive
K28,0738-05746,0,0,NNW of Canwood,SK,2010,8,7,421,,53.4325,-106.6436,y,alive
K30,0738-05748,0,0,W of Canwood,SK,2010,8,7,360,,53.4856,-106.7044,y,alive
K30,0738-05748,0,0,W of Canwood,SK,2010,8,7,360,,53.4856,-106.7044,y,alive
K31,0738-05749,0,0,E of Stump Lake,SK,2010,8,7,366,,53.5494,-106.5050,y,alive
K36,0738-05754,0,0,SSE of Warman,SK,2010,8,9,361,,52.2311,-106.5300,y,alive
K41,0738-05759,0,0,W of MacDowall,SK,2010,8,9,380,,53.0078,-106.3128,y,alive
K42,0738-05760,0,0,1 mi E of Silver Grove,SK,2010,8,9,423,,52.9875,-106.4414,y,alive
K44,0738-05762,0,0,Parkside,SK,2010,8,9,444,,53.0539,-106.5164,y,alive
K44,0738-05762,0,0,Parkside,SK,2010,8,9,444,,53.0539,-106.5164,y,alive
K45,0738-05763,0,0,Parkside,SK,2010,8,9,442,,53.0539,-106.5164,y,alive
K50,0738-05768,0,0,SW Pre Ste Marie,SK,2010,8,11,398,,52.5817,-103.7139,y,alive
K54,0738-05772,0,0,E of Kelvington,SK,2010,8,11,435,,52.3275,-103.4428,y,alive
K59,0738-05777,0,0,Nobleville,SK,2010,8,12,445,,52.4192,-103.6156,y,alive
K59,0738-05777,0,0,Nobleville,SK,2010,8,12,445,,52.4192,-103.6156,y,alive
K62,0738-05780,0,0,NW of Kelvington,SK,2010,8,12,349,,52.1886,-103.5997,y,alive
K63,0738-05781,0,0,WNW of Ranger,SK,2010,8,15,405,,53.6250,-107.7833,y,alive
K66,0738-05784,0,0,N of Mildred,SK,2010,8,20,363,,53.4417,-107.3417,y,alive
K67,0738-05785,0,0,Prongua,SK,2010,8,25,425,,52.7500,-108.5947,y,alive
K68,0738-05786,0,0,Prongua,SK,2010,8,25,426,,52.7642,-108.5947,y,alive
K68,0738-05786,0,0,Prongua,SK,2010,8,25,426,,52.7642,-108.5947,y,alive
C19,0738-05788,0,0,W of Ituna,SK,2011,8,8,372,,51.1214,-103.5981,y,alive
C19,0738-05788,0,0,W of Ituna,SK,2011,8,8,372,,51.1214,-103.5981,y,alive
C23,0738-05792,0,0,SW Summerberry,SK,2011,8,14,398,,50.3508,-103.1689,y,alive
C23,0738-05792,0,0,SW Summerberry,SK,2011,8,14,398,,50.3508,-103.1689,y,alive
C23,0738-05792,0,0,SW Summerberry,SK,2011,8,14,398,,50.3508,-103.1689,y,alive
C23,0738-05792,0,0,SW Summerberry,SK,2011,8,14,398,,50.3508,-103.1689,y,alive
C27,0738-05796,0,0,SSW of Markinch,SK,2011,8,14,434,,50.8056,-104.4253,y,alive
C33,0738-05802,0,0,SSE of Oakshela,SK,2011,9,3,420,,50.2756,-102.7100,y,alive
C70,0738-05804,0,0,E of Delisle,SK,2011,8,4,395,,51.9108,-106.9239,y,alive
C70,0738-05804,0,0,E of Delisle,SK,2011,8,4,395,,51.9108,-106.9239,y,alive
C70,0738-05804,0,0,E of Delisle,SK,2011,8,4,395,,51.9108,-106.9239,y,alive
C80,0738-05814,0,0,NE of Cut Knife,SK,2011,8,6,315,,52.8797,-108.8900,y,alive
C90,0738-05824,0,0,SE of Cater,SK,2011,8,7,418,,53.3286,-107.9558,y,alive
C98,0738-06425,0,0,Leoville,SK,2011,8,20,352,,53.6708,-107.5217,y,alive
C98,0738-06425,0,0,Leoville,SK,2011,8,20,352,,53.6708,-107.5217,y,alive
E25,0738-06427,0,0,Christopher Lake,SK,2011,8,10,343,1723,53.5319,-105.8136,y,alive
E25,0738-06427,0,0,Christopher Lake,SK,2011,8,10,343,1723,53.5319,-105.8136,y,alive
E26,0738-06428,0,0,Christopher Lake,SK,2011,8,10,331,1720,53.5319,-105.8136,y,alive
E27,0738-06429,0,0,N of Paddockwood,SK,2011,8,10,375,1850,53.5917,-105.5233,y,alive
E27,0738-06429,0,0,N of Paddockwood,SK,2011,8,10,375,1850,53.5917,-105.5233,y,alive
E31,0738-06433,0,0,N of Garrick,SK,2011,8,10,425,1771,53.6783,-104.2175,y,alive
E32,0738-06434,0,0,N of Garrick,SK,2011,8,10,418,1576,53.6783,-104.2175,y,alive
E33,0738-06435,0,0,NNE White Fox,SK,2011,8,10,339,1615,53.5544,-104.0239,y,alive
E36,0738-06438,0,0,ESE of Nipawin,SK,2011,8,11,350,1122,53.3367,-103.8342,y,alive
E37,0738-06439,0,0,ESE of Nipawin,SK,2011,8,11,350,1778,53.3367,-103.8342,y,alive
E37,0738-06439,0,0,ESE of Nipawin,SK,2011,8,11,350,1778,53.3367,-103.8342,y,alive
E45,0738-06447,0,0,WSW of Beatty,SK,2011,8,11,348,1652,52.8731,-104.8692,y,alive
E51,0738-06453,0,0,W of Parkside,SK,2011,8,13,354,1532,53.1625,-106.5694,y,alive
E51,0738-06453,0,0,W of Parkside,SK,2011,8,13,354,1532,53.1625,-106.5694,y,alive
E51,0738-06453,0,0,W of Parkside,SK,2011,8,13,354,1532,53.1625,-106.5694,y,alive
E55,0738-06457,0,0,NW of Brightholme,SK,2011,8,13,394,1618,53.0403,-106.4261,y,alive
E56,0738-06458,0,0,E of Silver Grove,SK,2011,8,13,369,1774,52.9875,-106.4386,y,alive
E56,0738-06458,0,0,E of Silver Grove,SK,2011,8,13,369,1774,52.9875,-106.4386,y,alive
E58,0738-06460,0,0,W of MacDowall,SK,2011,8,13,352,1853,53.0078,-106.3128,y,alive
K70,0738-06467,0,0,SE of Tarnopol,SK,2011,8,5,390,1716,52.6633,-105.3156,y,alive
K77,0738-06474,0,0,SSW Pre Ste Marie,SK,2011,8,5,410,1630,52.5833,-103.6858,y,alive
K77,0738-06474,0,0,SSW Pre Ste Marie,SK,2011,8,5,410,1630,52.5833,-103.6858,y,alive
K82,0738-06479,0,0,Porcupine Plain,SK,2011,8,5,361,1865,52.5358,-103.2325,y,alive
K91,0738-06488,0,0,N of Kelvington,SK,2011,8,6,350,1892,52.2708,-103.5283,y,alive
K98,0738-06495,0,0,E of Borden,SK,2011,8,8,390,1605,52.4639,-107.0208,y,alive
V5,0738-06502,0,0,S of Mildred,SK,2011,8,11,380,1776,53.2583,-107.3136,y,alive
V6,0738-06503,0,0,S of Mildred,SK,2011,8,11,370,1704,53.2583,-107.3136,y,alive
V8,0738-06505,0,0,W of Edam,SK,2011,8,9,425,1814,53.1906,-108.8939,y,alive
V9,0738-06506,0,0,E of Edam,SK,2011,8,9,345,1810,53.2783,-108.6342,y,alive
V11,0738-06508,0,0,E of Fairholme,SK,2011,8,9,372,1880,53.3906,-108.5139,y,alive
V12,0738-06509,0,0,E of Fairholme,SK,2011,8,9,381,1823,53.3906,-108.5139,y,alive
V19,0738-06516,0,0,Radisson,SK,2011,8,9,332,1575,52.4056,-107.4908,y,alive
V20,0738-06517,0,0,SSE Warman,SK,2011,8,10,360,1994,52.2292,-106.5231,y,alive
C37,0738-06582,0,0,S of Earl Grey,SK,2012,8,6,378,,50.8614,-104.7072,y,alive
C38,0738-06583,0,0,S of Earl Grey,SK,2012,8,6,378,,50.8614,-104.7072,y,alive
C38,0738-06583,0,0,S of Earl Grey,SK,2012,8,6,378,,50.8614,-104.7072,y,alive
C99,0738-06585,0,0,SE of Cater,SK,2012,7,28,406,1816,53.3286,-107.9558,y,alive
E65,0738-06586,0,F,WSW Pre Ste Marie,SK,2012,8,2,,,52.5831,-103.6858,y,alive
E68,0738-06589,0,F,NNW of Canwood,SK,2012,8,7,399,1676,53.4325,-106.6436,y,alive
E70,0738-06591,0,F,W of Canwood,SK,2012,8,7,350,1810,53.4856,-106.7044,y,alive
E72,0738-06593,0,F,Victoire,SK,2012,8,7,372,1898,53.5594,-107.0375,y,alive
E74,0738-06595,0,F,S of Debden,SK,2012,8,7,335,1701,53.4525,-106.9350,y,alive
E79,0738-06600,0,F,W of Clouston,SK,2012,8,7,360,1780,53.1142,-105.9594,y,alive
E81,0738-06602,0,M,S of Crutwell,SK,2012,8,7,358,1688,53.1839,-106.0769,y,alive
E81,0738-06602,0,M,S of Crutwell,SK,2012,8,7,358,1688,53.1839,-106.0769,y,alive
E83,0738-06604,0,M,Hagen,SK,2012,8,8,355,1625,52.9808,-106.6561,y,alive
E86,0738-06607,0,F,Weirdale,SK,2012,8,8,392,1786,53.3703,-105.1969,y,alive
E86,0738-06607,0,F,Weirdale,SK,2012,8,8,392,1786,53.3703,-105.1969,y,alive
E86,0738-06607,0,F,Weirdale,SK,2012,8,8,392,1786,53.3703,-105.1969,y,alive
E88,0738-06609,0,F,Foxford,SK,2012,8,13,380,1889,53.4319,-105.1500,y,alive
80A,0738-07359,0,0,Minnehaha,SK,2016,8,5,406,1722,53.2369,-108.5639,y,alive
V37,0738-07406,0,0,Kendal,SK,2012,8,13,378,,50.2589,-103.6433,y,alive
V57,0738-07419,0,M,WNW of Robinhood,SK,2012,8,4,312,,53.2931,-108.2475,y,alive
V58,0738-07420,0,F,WNW of Robinhood,SK,2012,8,4,306,,53.2931,-108.2475,y,alive
V60,0738-07422,0,F,N of Glaslyn,SK,2012,8,4,344,,53.4167,-108.3650,y,alive
V69,0738-07431,0,M,8 mi NE Carruthers,SK,2012,8,6,354,1731,52.9608,-109.2089,y,alive
V77,0738-07439,0,M,WNW of Edam,SK,2012,8,6,295,1672,53.2017,-108.8567,y,alive
V77,0738-07439,0,M,WNW of Edam,SK,2012,8,6,295,1672,53.2017,-108.8567,y,alive
V80,0738-07442,0,M,Purd'homme,SK,2012,8,6,384,1870,52.2614,-105.8364,y,alive
V82,0738-07444,0,F,E of Borden,SK,2012,8,6,420,1659,52.4639,-107.0208,y,alive
V83,0738-07445,0,M,E of Borden,SK,2012,8,6,418,1730,52.4639,-107.0208,y,alive
V85,0738-07447,0,F,E of Borden,SK,2012,8,6,405,1750,52.4158,-107.1547,y,alive
V85,0738-07447,0,F,E of Borden,SK,2012,8,6,405,1750,52.4158,-107.1547,y,alive
V88,0738-07450,0,M,Radisson,SK,2012,8,6,382,1690,52.4058,-107.4911,y,alive
V88,0738-07450,0,M,Radisson,SK,2012,8,6,382,1690,52.4058,-107.4911,y,alive
V88,0738-07450,0,M,Radisson,SK,2012,8,6,382,1690,52.4058,-107.4911,y,alive
V88,0738-07450,0,M,Radisson,SK,2012,8,6,382,1690,52.4058,-107.4911,y,alive
V88,0738-07450,0,M,Radisson,SK,2012,8,6,382,1690,52.4058,-107.4911,y,alive
V89,0738-07451,0,M,Radisson,SK,2012,8,6,402,1640,52.4058,-107.4911,y,alive
V91,0738-07453,0,M,SSE of Warman,SK,2012,8,7,360,1680,52.2292,-106.5231,y,alive
V91,0738-07453,0,M,SSE of Warman,SK,2012,8,7,360,1680,52.2292,-106.5231,y,alive
V93,0738-07455,0,F,S of Biggar,SK,2012,8,8,390,1850,52.0331,-107.9544,y,alive
V96,0738-07458,0,M,2 mi E of Fairhome,SK ,2012,8,9,370,1720,53.3906,-108.5139,y,alive
X12,0738-07474,0,M,E of Archerwill,SK,2012,8,11,394,1585,52.4719,-103.7592,y,alive
X12,0738-07474,0,M,E of Archerwill,SK,2012,8,11,394,1585,52.4719,-103.7592,y,alive
X12,0738-07474,0,M,E of Archerwill,SK,2012,8,11,394,1585,52.4719,-103.7592,y,alive
X12,0738-07474,0,M,E of Archerwill,SK,2012,8,11,394,1585,52.4719,-103.7592,y,alive
X12,0738-07474,0,M,E of Archerwill,SK,2012,8,11,394,1585,52.4719,-103.7592,y,alive
X12,0738-07474,0,M,E of Archerwill,SK,2012,8,11,394,1585,52.4719,-103.7592,y,alive
X12,0738-07474,0,M,E of Archerwill,SK,2012,8,11,394,1585,52.4719,-103.7592,y,alive
X12,0738-07474,0,M,E of Archerwill,SK,2012,8,11,394,1585,52.4719,-103.7592,y,alive
X13,0738-07475,0,F,E of McKague,SK,2012,8,11,343,1970,52.5214,-103.6886,y,alive
X13,0738-07475,0,F,E of McKague,SK,2012,8,11,343,1970,52.5214,-103.6886,y,alive
X13,0738-07475,0,F,E of McKague,SK,2012,8,11,343,1970,52.5214,-103.6886,y,alive
X13,0738-07475,0,F,E of McKague,SK,2012,8,11,343,1970,52.5214,-103.6886,y,alive
X14,0738-07476,0,F,E of McKague,SK,2012,8,11,324,1895,52.5214,-103.6886,y,alive
X19,0738-07481,0,M,S Porcupine Plane,SK,2012,8,12,402,1528,52.4800,-103.2786,y,alive
X23,0738-07485,0,M,S of Chelan,SK,2012,8,12,401,1607,52.4394,-103.4678,y,alive
X25,0738-07487,0,M,S of Chelan ,SK,2012,8,12,403,1830,52.3700,-103.4706,y,alive
X28,0738-07490,0,F,E of Carmel ,SK,2012,8,12,357,1680,52.2256,-105.3217,y,alive
X28,0738-07490,0,F,E of Carmel ,SK,2012,8,12,357,1680,52.2256,-105.3217,y,alive
X28,0738-07490,0,F,E of Carmel ,SK,2012,8,12,357,1680,52.2256,-105.3217,y,alive
X31,0738-07493,0,M,Maymont,SK,2012,8,18,418,1750,52.5506,-107.7858,y,alive
X33,0738-07495,0,M,Borden,SK,2012,8,25,350,1952,52.3406,-107.2467,y,alive
X35,0738-07497,0,F,N of Duck Lake,SK,2012,8,21,390,1682,52.9278,-106.2575,y,alive
X42,0738-07504,0,M,ENE of Petaigan,SK,2012,8,13,395,1508,53.4617,-103.4803,y,alive
X45,0738-07507,0,M,ESE Nipawin,SK,2012,8,13,370,1603,53.3367,-103.8342,y,alive
X47,0738-07509,0,F,Christopher Lake,SK,2012,8,15,330,1770,53.5319,-105.8136,y,alive
R2,0738-07570,0,F,NW of Canwood,SK,2013,8,18,406,1630,53.4325,-106.6436,y,alive
R4,0738-07572,0,M,W of Canwood,SK,2013,8,18,380,1677,53.4856,-106.7044,y,alive
R8,0738-07576,0,F,S of Debden,SK,2013,8,18,325,1790,53.4525,-106.9350,y,alive
R13,0738-07581,0,M,W of Paddockwood,SK,2013,8,21,350,1783,53.5086,-105.6000,y,alive
R25,0738-07591,0,M,WNW of Ranger,SK,2013,8,26,432,1552,53.6250,-107.7614,y,alive
R28,0738-07594,0,F,N of Leoville,SK,2013,8,26,437,1681,37.6586,-107.5533,y,alive
 R32,0738-07598,0,0,SSW of Edam,SK,2013,8,28,426,1846,53.0597,-108.8083,y,alive
R34,0738-07600,0,0,NW of Prince,SK,2013,8,28,435,1750,52.9800,-108.4000,y,alive
X54,0738-07606,0,M,E of Glaslyn,SK,2013,8,12,370,1931,53.3728,-108.1964,y,alive
X54,0738-07606,0,M,E of Glaslyn,SK,2013,8,12,370,1931,53.3728,-108.1964,y,alive
X56,0738-07608,0,M,WNW of Robinhood,SK,2013,8,12,367,1886,53.2931,-108.2475,y,alive
X57,0738-07609,0,M,3mi N of Glaslyn,SK,2013,8,12,310,1460,53.4167,-108.3650,y,alive
X59,0738-07611,0,M,E of Fairholme,SK,2013,8,12,328,1643,53.3906,-108.5139,y,alive
X59,0738-07611,0,M,E of Fairholme,SK,2013,8,12,328,1643,53.3906,-108.5139,y,alive
X64,0738-07616,0,M,WNW Edam,SK,2013,8,12,371,1918,53.2017,-108.8567,y,alive
X64,0738-07616,0,M,WNW Edam,SK,2013,8,12,371,1918,53.2017,-108.8567,y,alive
X83,0738-07635,0,F,NW of Richard,SK,2013,8,13,325,1967,52.7411,-107.6986,y,alive
X98,0738-07650,0,F,NW of Brightholme,SK,2013,8,18,335,1690,53.0569,-106.4261,y,alive
Z28,0738-07652,0,M,SE Tarnopol,SK,2013,8,6,355,1782,52.6633,-105.3156,y,alive
Z31,0738-07655,0,F,St. Brieux,SK,2013,8,6,335,1852,52.5925,-104.8931,y,alive
Z46,0738-07670,0,M,E of Kelvington,SK,2013,8,7,355,1693,52.3275,-103.4428,y,alive
Z46,0738-07670,0,M,E of Kelvington,SK,2013,8,7,355,1693,52.3275,-103.4428,y,alive
Z46,0738-07670,0,M,E of Kelvington,SK,2013,8,7,355,1693,52.3275,-103.4428,y,alive
Z47,0738-07671,0,F,E of Kelvington,SK,2013,8,7,347,1701,52.3275,-103.4428,y,alive
Z51,0738-07675,0,M,E of Nobleville,SK,2013,8,7,333,1698,52.4344,-103.5469,y,alive
Z51,0738-07675,0,M,E of Nobleville,SK,2013,8,7,333,1698,52.4344,-103.5469,y,alive
Z51,0738-07675,0,M,E of Nobleville,SK,2013,8,7,333,1698,52.4344,-103.5469,y,alive
Z51,0738-07675,0,M,E of Nobleville,SK,2013,8,7,333,1698,52.4344,-103.5469,y,alive
Z51,0738-07675,0,M,E of Nobleville,SK,2013,8,7,333,1698,52.4344,-103.5469,y,alive
Z51,0738-07675,0,M,E of Nobleville,SK,2013,8,7,333,1698,52.4344,-103.5469,y,alive
Z53,0738-07677,0,M,Nobleville,SK,2013,8,7,296,1533,52.4192,-103.6156,y,alive
Z53,0738-07677,0,M,Nobleville,SK,2013,8,7,296,1533,52.4192,-103.6156,y,alive
Z53,0738-07677,0,M,Nobleville,SK,2013,8,7,296,1533,,,y,alive
Z57,0738-07681,0,M,WSW Kelvington,SK,2013,8,7,289,1591,52.1508,-103.6617,y,alive
Z58,0738-07682,0,F,W of MacDowall,SK,2013,8,9,302,1950,53.0078,-106.3128,y,alive
Z59,0738-07683,0,F,W of MacDowall,SK,2013,8,9,308,1953,53.0078,-106.3128,y,alive
Z65,0738-07689,0,F,E of Parkerview,SK,2013,8,12,375,1985,51.3561,-103.1617,y,alive
Z65,0738-07689,0,F,E of Parkerview,SK,2013,8,12,375,1985,51.3561,-103.1617,y,alive
Z70,0738-07694,0,F,E of Broadview,SK,2013,8,12,378,1830,50.3756,-102.5153,y,alive
Z70,0738-07694,0,F,E of Broadview,SK,2013,8,12,378,1830,50.3756,-102.5153,y,alive
Z76,0738-07700,0,M,S of Earl Grey,SK,2013,8,13,338,1643,50.8614,-104.7072,y,alive
Z78,0738-07702,0,M,W of Strasbourg,SK,2013,8,13,,1665,51.0208,-105.0322,y,alive
Z82,0738-07706,0,F,NNE of Vonda,SK,2013,8,15,308,1877,52.3664,-106.0750,y,alive
Z85,0738-07709,0,F,E of Carmel ,SK,2013,8,15,295,1590,52.2256,-105.3217,y,alive
Z86,0738-07710,0,M,S of Pike Lake,SK,2013,8,19,398,1648,51.7581,-106.7708,y,alive
Z86,0738-07710,0,M,S of Pike Lake,SK,2013,8,19,398,1648,51.7581,-106.7708,y,alive
Z90,0738-07714,0,M,ESE of Kenaston,SK,2013,8,19,435,1584,52.4611,-106.0075,y,alive
Z97,0738-07721,0,M,E of Borden,SK,2013,8,21,412,1640,52.4639,-107.0208,y,alive
R44,0738-07776,0,0,S of Porcupine Plane,SK,2014,8,5,374,1845,52.4800,-103.2786,y,alive
R44,0738-07776,0,0,S of Porcupine Plane,SK,2014,8,5,374,1845,52.4800,-103.2786,y,alive
R47,0738-07779,0,0,ESE of Greenwater,SK,2014,8,6,376,1659,52.4394,-103.4678,y,alive
R52,0738-07784,0,0,12 mi NE Kelvington,SK,2014,8,6,370,1775,52.3275,-103.4428,y,alive
R52,0738-07784,0,0,12 mi NE Kelvington,SK,2014,8,6,370,1775,52.3275,-103.4428,y,alive
R62,0738-07794,0,0,S of Borden,SK,2014,8,7,369,1840,52.3303,-107.2631,y,alive
R62,0738-07794,0,0,S of Borden,SK,2014,8,7,369,1840,52.3303,-107.2631,y,alive
R62,0738-07794,0,0,S of Borden,SK,2014,8,7,369,1840,52.3303,-107.2631,y,alive
R68,0738-07800,0,0,4 mi E of Borden,SK,2014,8,7,370,1720,52.4158,-107.1547,y,alive
R71,0738-07803,0,0,NNE of Borden,SK,2014,8,7,382,1700,52.5078,-107.1814,y,alive
R80,0738-07812,0,0,SSE of Oakshela,SK,2014,8,10,405,1795,50.2756,-102.7100,y,alive
R80,0738-07812,0,0,SSE of Oakshela,SK,2014,8,10,405,1795,50.2756,-102.7100,y,alive
R84,0738-07816,0,0,SSW of Waldron,SK,2014,8,10,410,1955,50.7936,-102.5389,y,alive
R84,0738-07816,0,0,SSW of Waldron,SK,2014,8,10,410,1955,50.7936,-102.5389,y,alive
R89,0738-07821,0,0,N of Fitzmaurice,SK,2014,8,10,338,1600,51.3431,-103.1153,y,alive
R90,0738-07822,0,0,SW of Leross,SK,2014,8,10,414,1740,51.2403,-103.9575,y,alive
R92,0738-07824,0,0,NW of Dundurn,SK,2014,8,10,440,1875,51.4311,-104.4656,y,alive
R92,0738-07824,0,0,NW of Dundurn,SK,2014,8,10,440,1875,51.4311,-104.4656,y,alive
R95,0738-07827,0,0,WNW of Ranger,SK,2014,8,12,400,1700,53.6250,-107.7614,y,alive
R97,0738-07829,0,0,N of Leoville,SK,2014,8,12,430,1720,53.6586,-107.5533,y,alive
00H,0738-07833,0,0,7 Mi NE of White Fox,SK,2014,8,6,,,53.5269,-103.9478,y,alive
08H,0738-07841,0,0,Henribourg,SK,2014,8,6,367,1818,53.3206,-105.6525,y,alive
12H,0738-07845,0,0,1mi W of Parkside,SK,2014,8,7,338,1816,53.1625,-106.5694,y,alive
15H,0738-07848,0,0,NW of Brightholme,SK,2014,8,7,355,1713,53.0403,-106.5428,y,alive
18H,0738-07851,0,0,E of Silver Grove,SK,2014,8,7,375,1691,52.9875,-106.4386,y,alive
20H,0738-07851,0,0,S of Debden,SK,2014,8,7,315,1814,53.4525,-106.9350,y,alive
22H,0738-07855,0,0,ENE Cater,SK,2014,8,11,372,1625,53.3756,-108.0206,y,alive
25H,0738-07858,0,0,WNW of Robinhood,SK,2014,8,11,400,2016,53.2931,-108.2475,y,alive
26H,0738-07859,0,0,N of Glaslyn,SK,2014,8,11,374,1773,53.4167,-108.3650,y,alive
29H,0738-07862,0,0,2 mi E of Fairhome,SK,2014,8,11,1643,395,53.3906,-108.5139,y,alive
38H,0738-07871,0,0,6 mi WSW Edam,SK,2014,8,11,1860,398,53.1731,-108.9147,y,alive
42H,0738-07875,0,0,NW of Prince,SK,2014,8,11,384,1815,52.9800,-108.4000,y,alive
45H,0738-07878,0,0,1 mi E Freemont,SK,2014,8,12,410,1762,52.8444,-109.4631,y,alive
56H,0738-07889,0,0,N of Richard,SK,2014,8,12,390,1825,52.7411,-107.6986,y,alive
58H,0738-07891,0,0,ENE White Fox,SK,2014,8,18,380,1433,53.5106,-103.8867,y,alive
58H,0738-07891,0,0,ENE White Fox,SK,2014,8,18,380,1433,53.5106,-103.8867,y,alive
58H,0738-07891,0,0,ENE White Fox,SK,2014,8,18,380,1433,53.5106,-103.8867,y,alive
11X,0738-07895,0,0,NW of Colonsay,SK,2014,8,14,312,1657,52.0481,-105.9778,y,alive
14X,0738-07898,0,0,NE Porcupine Plain,SK,2014,8,15,275,1547,52.6583,-103.1833,y,alive
14X,0738-07898,0,0,NE Porcupine Plain,SK,2014,8,15,275,1547,52.6583,-103.1833,y,alive
01A,0738-08826,0,0,E of Percival,SK,2015,8,5,414,,50.3625,-102.4014,y,alive
09A,0738-08834,0,0,W of Fort Walsh,SK,2015,8,13,322,1905,49.5831,-109.9167,y,alive
13A,0738-08838,0,0,S of Borden,SK,2015,8,14,400,1865,52.3406,-107.2469,y,alive
14A,0738-08839,0,0,S of Borden,SK,2015,8,14,412,1915,52.3406,-107.2469,y,alive
14A,0738-08839,0,0,S of Borden,SK,2015,8,14,412,1915,52.3406,-107.2469,y,alive
16A,0738-08841,0,0,N of Perdue,SK,2015,8,14,400,1810,52.0831,-107.5833,y,alive
21A,0738-08846,0,0,SE of Delisle,SK,2015,8,26,357,1205,51.7500,-106.9167,y,alive
21A,0738-08846,0,0,SE of Delisle,SK,2015,8,26,357,1205,51.7500,-106.9167,y,alive
33A,0738-08847,0,0,NW of Robinhood,SK,2015,8,9,375,1608,53.2931,-108.2475,y,alive
33A,0738-08847,0,0,NW of Robinhood,SK,2015,8,9,375,1608,53.2931,-108.2475,y,alive
34A,0738-08848,0,0,SW of Cater,SK,2015,8,9,314,1931,53.4167,-108.0831,y,alive
34A,0738-08848,0,0,SW of Cater,SK,2015,8,9,314,1931,53.4167,-108.0831,y,alive
35A,0738-08849,0,0,SW of Cater,SK,2015,8,9,375,1608,53.4167,-108.0831,y,alive
36A,0738-08850,0,0,ENE Cater,SK,2015,8,9,400,1630,53.3756,-108.0206,y,alive
44A,0738-08858,0,0,W of Parkside,SK,2015,8,11,375,1695,53.1625,-106.5692,y,alive
45A,0738-08859,0,0,W of Parkside,SK,2015,8,11,375,1695,53.1625,-106.5692,y,alive
45A,0738-08859,0,0,W of Parkside,SK,2015,8,11,375,1695,53.1625,-106.5692,y,alive
46A,0738-08860,0,0,N of Victoire,SK,2015,8,11,435,1773,53.5597,-107.0375,y,alive
47A,0738-08861,0,0,N of Victoire,SK,2015,8,11,435,1773,53.5597,-107.0375,y,alive
48A,0738-08862,0,0,NNW Canwood,SK,2015,8,11,380,1720,53.4856,-106.7042,y,alive
49A,0738-08863,0,0,2mi SE Sturgeon Val,SK,2015,8,11,408,1910,53.4167,-106.0833,y,alive
52A,0738-08866,0,0,3.4mi ENE White Star,SK,2015,9,27,502,1754,53.2500,-105.5833,y,alive
63H,0738-08869,0,0,Petaigan,SK,2015,8,3,379,1770,53.4617,-103.4803,y,alive
65H,0738-08871,0,0,ESE of Arborfield,SK,2015,8,3,256,1615,53.0831,-103.4167,y,alive
76H,0738-08882,0,0,SSW of Prongua,SK,2015,8,8,420,1594,52.6953,-108.5819,y,alive
86H,0738-08892,0,0,NW of Prince,SK,2015,8,8,411,1797,52.9167,-108.4167,y,alive
89H,0738-08895,0,0,NNW of Edam,SK,2015,8,9,392,1616,53.2500,-108.7500,y,alive
89H,0738-08895,0,0,NNW of Edam,SK,2015,8,9,392,1616,53.2500,-108.7500,y,alive
92H,0738-08898,0,0,NE of Edam,SK,2015,8,9,423,1698,53.2500,-108.5833,y,alive
93H,0738-08899,0,0,NE of Edam,SK,2015,8,9,325,1909,53.2783,-108.6342,y,alive
93H,0738-08899,0,0,NE of Edam,SK,2015,8,9,325,1909,53.2783,-108.6342,y,alive
V45,0738-08909,0,0,Fairy Hill,SK,2015,8,4,422,1865,50.7500,-104.4167,y,alive
V48,0738-08912,0,0,SSE Oakshela,SK,2015,8,5,395,-,50.2758,-102.7100,y,alive
17X,0738-08914,0,0,N of Cudworth,SK,2015,8,1,377,1825,52.5833,-105.7500,y,alive
21X,0738-08918,0,0,St. Brieux,SK,2015,8,1,372,2010,52.5925,-104.8931,y,alive
31X,0738-08928,0,0,7 mi N of Kelvington,SK,2015,8,1,380,1769,52.2708,-103.5283,y,alive
48X,0738-08945,0,0,ENE of Borden,SK,2015,8,5,445,1920,52.4639,-107.0208,y,alive
23A,0738-07322,0,0,5.5mi N Fort Walsh,SK,2016,7,27,335,1535,49.6447,-109.8467,y,alive
25A,0738-07324,0,0,SSW of Kyle,SK,2016,8,1,-,-,50.7022,-108.0839,y,alive
56A,0738-07335,0,0,4 mi E of Vanscoy,SK,2016,8,6,430,1548,52.0144,-106.8806,y,alive
57A,0738-07336,0,0,4 mi E of Vanscoy,SK,2016,8,6,410,1478,52.0144,-106.8806,y,alive
59A,0738-07338,0,0,10 NNW Canwood,SK,2016,8,7,379,1705,53.4856,-106.7044,y,alive
69A,0738-07348,0,0,5mi S Borden,SK,2016,8,9,434,1850,52.3378,-107.2414,y,alive
71A,0738-07350,0,0,7mi NW  Duck Lake,SK,2016,8,2,358,1666,52.9028,-106.2342,y,alive
78A,0738-07357,0,0,E of Fairholme,SK,2016,8,5,390,1723,53.3903,-108.5139,y,alive
80A,0738-07359,0,0,10 mi N Cavalier,SK,2016,8,5,406,1722,53.2369,-108.5639,y,alive
83A,07.8-07362,0,0,5mi WNW of Edam,SK,2016,8,5,355,1837,53.2506,-108.8244,y,alive
90A,0738-07369,0,0,2 mi NW of Prince,SK,2016,8,5,405,1738,52.9797,-108.4000,y,alive
94A,0738-07373,0,0,3 mi N of Richard,SK,2016,8,5,383,1570,52.7408,-107.6983,y,alive
95A,0738-07374,0,0,3 mi N of Richard,SK,2016,8,5,370,1580,,,y,alive
97A,0738-07376,0,0,8 mi S of Parkside,SK,2016,8,6,415,1665,53.0539,-106.9833,y,alive
99A,0738-07378,0,0,WSW Macdowall,SK,2016,8,7,324,1651,53.0069,-106.3078,y,alive
Z18,0738-07384,0,0,W Rose Valley,SK,2015,8,1,366,1880,52.2906,-103.9350,y,alive
H8,0738-02564,adult,0,S of Holbein,SK,2006,6,23,,,53.0833,-106.2500,y,alive
H8,0738-02564,adult,0,S of Holbein,SK,2006,6,23,,,53.0833,-106.2500,y,alive
T2,0738-03653,adult,F,Leoville,SK,2007,6,16,,,53.5833,-107.5833,y,alive
T2,0738-03653,adult,F,Leoville,SK,2007,6,16,,,53.5833,-107.5833,y,alive
T4/Z3,0738-04685,adult,0,Borden,SK,2009,5,22,,,52.3406,-107.2469,y,alive
Z7,0738-07564,adult,F,N of Environ,SK,2013,7,29,500,1770,52.3347,-107.3258,y,alive
Z7,0738-07564,adult,F,N of Environ,SK,2013,7,29,500,1770,52.3347,-107.3258,y,alive
Z7,0738-07564,adult,F,N of Environ,SK,2013,7,29,500,1770,52.3347,-107.3258,y,alive
Z8,0738-07565,adult,F,N of Environ,SK,2013,7,29,488,1624,52.3347,-107.3258,y,alive
Z8,0738-07565,adult,F,N of Environ,SK,2013,7,29,488,1624,52.3347,-107.3258,y,alive
Z10,0738-07567,adult,M,N of Environ,SK,2013,8,1,494,1455,52.3347,-107.3258,y,alive
52A,0738-08866,adult,0,ENE White Star,SK,2015,9,27,502,1754,53.2167,-105.5831,y,alive
AAH,0738-03735,0,0,Fork Lake,AB,2008,8,16,,,54.4914,-111.6289,y,alive
AAJ,0738-03737,0,0,Hoselaw,AB,2008,8,16,,,54.2122,-110.9072,y,alive
AAN,0738-03741,0,0,Fern Chapel,AB,2008,8,16,,,53.9311,-110.6231,y,alive
AAN,0738-03741,0,0,Fern Chapel,AB,2008,8,16,,,53.9311,-110.6231,y,alive
AAX,0738-03750,0,0,S Therien,AB,2008,8,27,,,53.9050,-111.3061,y,alive
ABT,0738-05414,0,0,SE Meeting Cr,AB,2009,8,9,,,52.6500,-112.6753,y,alive
ABT,0738-05414,0,0,SE Meeting Cr,AB,2009,8,9,,,52.6500,-112.6753,y,alive
ACA,0738-05419,0,0,Fern Chapel,AB,2009,8,13,,,53.9311,-110.6231,y,alive
ACK,0738-05428,0,0,SW Amisk,AB,2009,8,22,,,52.4500,-111.1778,y,alive
ACK,0738-05428,0,0,SW Amisk,AB,2009,8,22,,,52.4500,-111.1778,y,alive
ACL,0738-05429,0,0,NE Meeting Cr,AB,2009,8,22,,,52.7281,-112.5833,y,alive
ACV,0738-05435,0,0,Tulliby Lake,AB,2009,8,30,,,53.7383,-110.1061,y,alive
ACX,0738-04686,0,0,Hairy Hill,AB,2010,8,6,,,53.7478,-111.8594,y,alive
AHH,0738-05446,0,0,NW Chauvin,AB,2010,8,16,,,52.7478,-110.1742,y,alive
AIB,0738-06535,0,0,S Rannach,AB,2011,8,8,,,53.7019,-111.5003,y,alive
AIV,0738-06550,0,0,Bonnie Lake,AB,2011,8,12,,,54.1822,-111.9264,y,alive
ALI,0738-06579,0,0,N Stettler ,AB,2011,9,3,,,52.3553,-112.6908,y,alive
ANJ,0738-07533,0,0,Fork Lake,AB,2012,8,10,,,54.4914,-111.6289,y,alive
ANL,0738-07535,0,0,,AB,2012,8,11,,,52.4911,-110.2644,y,alive
AMC,0738-07539,0,0,NE Meeting Cr,AB,2012,8,12,,,52.7281,-112.5833,y,alive
AMR,0738-07550,0,0,Bonnie Lake,AB,2012,8,13,,,54.1822,-111.9264,y,alive
AOB,0738-07728,0,0,SW Chauvin,AB,2013,8,11,,,52.5931,-110.1742,y,alive
AOT,0738-07745,0,0,S of Athabasca,AB ,2013,8,15,,,54.5731,-113.4342,y,alive
APS,0738-07765,0,0,W Stoney Lake,AB,2013,8,20,,,53.8594,-105.1364,y,alive
ARH,0738-05845,0,0,W Stoney Lake,AB,2014,8,8,,,53.8594,-105.1364,y,alive
ASE,0738-05864,0,0,S of Two Hills,AB,2014,8,15,,,53.5539,-111.7667,y,alive
H11,0738-02375,rs,0,,SK,2003,9,13,NA,NA,53.4167,-107.7500,n,alive
H12,0738-02376,rs,0,Glaslyn,SK,2007,5,20,NA,NA,53.4167,-108.4167,n,alive
H12,0738-02376,rs,0,Vonda,SK,2008,4,21,NA,NA,52.3775,-106.1711,n,alive
H12,0738-02376,rs,0,Glaslyn ,SK,2008,8,9,NA,NA,53.3581,-108.3558,n,alive
H12,0738-02376,rs,0,Robinhood,SK,2008,7,26,NA,NA,53.4167,-108.2500,n,alive
H12,0738-02376,rs,0,Medstead,SK,2008,9,12,NA,NA,53.3000,-108.0333,n,alive
H12,0738-02376,rs,0,Cater,SK,2010,5,31,NA,NA,53.4167,-108.0833,n,alive
H12,0738-02376,rs,0,Cater,SK,2010,7,11,NA,NA,53.4167,-108.0833,n,alive
H12,0738-02376,rs,0,Cater,SK,2010,8,27,NA,NA,53.3650,-108.1022,n,alive
H12,0738-02376,rs,0,Cater,SK,2011,4,28,NA,NA,53.4167,-108.0833,n,alive
H12,0738-02376,rs,0,Cater,SK,2011,5,1,NA,NA,53.3650,-108.1022,n,alive
H12,0738-02376,rs,0,Cater,SK,2011,5,2,NA,NA,53.3650,-108.1022,n,alive
H12,0738-02376,rs,0,Cater,SK,2011,5,3,NA,NA,53.3650,-108.1022,n,alive
H12,0738-02376,rs,0,Cater,SK,2011,5,4,NA,NA,53.3650,-108.1022,n,alive
H12,0738-02376,rs,0,Cater,SK,2011,5,5,NA,NA,53.3650,-108.1022,n,alive
H13,0738-02377,rs,0,Cater,SK,2008,4,26,NA,NA,53.4167,-108.0833,n,alive
H13,0738-02377,rs,0,Cater,SK,2008,7,20,NA,NA,53.4167,-108.2500,n,alive
H13,0738-02377,rs,0,,,2014,6,24,NA,NA,53.6556,-107.7719,n,alive
H15,0738-02379,rs,0,Fishing Lake,SK,2004,6,28,NA,NA,51.7500,-103.5833,n,alive
H15,0738-02379,rs,0,Kylemore,SK,2005,6,28,NA,NA,51.9033,-103.6386,n,alive
H15,0738-02379,rs,0,Porcupine Plain,SK,2006,4,22,NA,NA,52.5833,-103.2500,n,alive
H17,0738-02381,rs,0,Smuts,SK,2009,7,4,NA,NA,52.4167,-106.2500,n,alive
H17,0738-02381,rs,0,Smuts,SK,2010,6,19,NA,NA,52.3764,-106.1711,n,alive
H17,0738-02381,rs,0,Aberdeen,SK,2010,7,3,NA,NA,52.3769,-106.1758,n,alive
H17,0738-02381,rs,0,Smuts,SK,2010,9,1,NA,NA,52.3764,-106.1711,n,alive
H17,0738-02381,rs,0,Saskatoon,SK,2010,9,30,NA,NA,52.1397,-106.6861,n,alive
H17,0738-02381,rs,0,Clarkboro Ferry,SK,2011,4,30,NA,NA,52.2500,-106.4167,n,alive
H17,0738-02381,rs,0,Smuts,SK,2012,5,16,NA,NA,52.4733,-106.0514,n,alive
H17,0738-02381,rs,0,N Vonda,SK,2013,8,15,NA,NA,52.3653,-106.0750,n,alive
H19,0738-02383,rs,0,Maracaibo,,2005,11,8,NA,NA,10.5833,-71.5833,n,alive
H26,0738-02390,rs,0,Baptiste Lake,AB,2008,8,6,NA,NA,54.7225,-113.5753,n,alive
H29,0738-02393,rs,0,Marcelin,SK,2008,9,7,NA,NA,52.9167,-106.7500,n,alive
H31,0738-02395,rs,0,Sherwood,SK,2009,8,2,NA,NA,48.9167,-101.5833,n,alive
H36,0738-02400,rs,0,Qu'Appelle,SK,2005,9,8,NA,NA,50.5833,-103.9167,n,alive
H36,0738-02400,rs,0,Ituna,SK,2008,6,10,NA,NA,51.2167,-103.5750,n,alive
H36,0738-02400,rs,0,Ituna,SK,2011,8,8,NA,NA,51.1214,-103.5981,n,alive
H36,0738-02400,rs,0,Ituna,SK,2012,8,15,NA,NA,51.1214,-103.5981,n,alive
H36,0738-02400,rs,0,Ituna,SK,2013,4,25,NA,NA,51.0925,-103.5858,n,alive
C9,0738-02483,rs,0,Plunkett,SK,2013,6,23,NA,NA,51.8278,-105.4278,n,alive
E2,0738-02495,rs,0,2 mi S of Baldy,MB,2014,5,22,NA,NA,51.4547,-100.6972,n,alive
E5,0738-02498,rs,0,Watrous,SK,2014,9,7,NA,NA,51.7192,-105.3592,n,alive
H45,0738-02505,rs,0,Rockford,SK,2006,8,31,NA,NA,52.0833,-102.8667,n,alive
H50,0738-02509,rs,0,Shellbrook,SK,2005,5,25,NA,NA,53.2500,-106.4167,n,alive
H50,0738-02509,rs,0,Kyle Lake,SK,2007,5,18,NA,NA,55.0833,-108.0833,n,alive
H50,0738-02509,rs,0,Tuxford,SK,2008,9,14,NA,NA,50.5833,-105.2500,n,alive
H53,0738-02512,rs,0,Grandora,SK,2006,7,1,NA,NA,52.2083,-107.1475,n,alive
H56,0738-02518,rs,0,Lauder,MB,2010,7,27,NA,NA,49.3994,-100.7358,n,alive
H58,0738-02520,rs,0,Gadsby,AB,2008,8,28,NA,NA,52.2500,-112.4167,n,alive
H59,0738-02521,rs,0,,,2014,6,13,NA,NA,51.6461,-104.3772,n,alive
H60,0738-02522,rs,0,Hafford,SK,2008,6,24,NA,NA,52.9167,-107.4167,n,alive
H60,0738-02522,rs,0,Hafford,SK,2009,5,25,NA,NA,52.8833,-107.3833,n,alive
H62,0738-02524,rs,0,Tulliby Lake,AB,2010,8,28,NA,NA,53.7381,-110.1050,n,alive
H64,0738-02526,rs,0,Last Mountain LK,SK,2006,6,3,NA,NA,51.4167,-105.2500,n,alive
H66,0738-02528,rs,0,Makinak,MB,2009,9,5,NA,NA,50.9583,-99.6417,n,alive
H69,0738-02531,rs,0,Squaw Rapids,SK,2012,6,16,NA,NA,53.5050,-103.3650,n,alive
H69,0738-02531,rs,0,Squaw Rapids,SK,2012,8,5,NA,NA,53.7500,-103.4167,n,alive
H69,0738-02531,rs,0,Squaw Rapids,SK,2012,8,6,NA,NA,53.5050,-103.3589,n,alive
H74,0738-02536,rs,0,Nut Mountain,SK,2007,9,23,NA,NA,52.0833,-103.2500,n,alive
H75,0738-02537,rs,0,Preecville,SK,2006,7,4,NA,NA,51.9167,-102.7500,n,alive
H76,0738-02538,rs,0,TOGO,SK,2006,7,2,NA,NA,51.4000,-101.5833,n,alive
H82,0738-02544,rs,0,Shoal Lake,SK,2007,10,2,NA,NA,50.4167,-100.5833,n,alive
H84,0738-02546,rs,0,Miniota,MB,2012,5,3,NA,NA,50.1433,-101.0331,n,alive
H93,0738-02555,rs,0,Weirdale,SK,2012,7,20,NA,NA,53.3006,-105.1958,n,alive
H97,0738-02559,rs,0,Young,SK,2008,7,22,NA,NA,51.7417,-105.7250,n,alive
T10,0738-02567,rs,0,Bruno 1 E,SK,2012,6,19,NA,NA,52.2833,-105.5000,n,alive
T11,0738-02512,rs,0,,,2012,5,18,NA,NA,,,n,alive
T13,0738-02570,rs,0,Greenwater Lake,SK,2008,7,19,NA,NA,52.5083,-103.4917,n,alive
T14,0738-02571,rs,0,Moosomin,SK,2007,6,14,NA,NA,50.0833,-101.6667,n,alive
T23,0738-02580,rs,0,Indian Head,SK,2009,5,26,NA,NA,50.4889,-103.7222,n,alive
T23,0738-02580,rs,0,Rockford,SK,2014,10,1,NA,NA,52.2667,-102.9000,n,alive
T23,0738-02580,rs,0,Meath Park,SK,2015,7,5,NA,NA,53.5333,-105.3667,n,alive
T28,0738-02585,rs,0,Amidon,ND,2007,6,12,NA,NA,46.4167,-103.2500,n,alive
T28,0738-02585,rs,0,Junor,SK,2011,5,29,NA,NA,53.5861,-107.8500,n,alive
T29,0738-02586,rs,0,Maymont,SK,2012,7,26,NA,NA,52.5506,-107.7858,n,alive
 T29,0738-02586,rs,0,SE Ruddell,SK,2010,8,18,NA,NA,52.5506,-107.7856,n,alive
T34,0738-02591,rs,0,Cannington Lake,SK,2013,5,22,NA,NA,49.7244,-102.1617,n,alive
T34,0738-02591,rs,0,Service,SK,2013,8,8,NA,NA,49.6694,-107.0742,n,dead
T35,0738-02592,rs,0,Pleasantdale 2W,SK,2014,7,24,NA,NA,52.5764,-104.5542,n,alive
T35,0738-02592,rs,0,Pleasantdale,SK,2014,7,31,NA,NA,52.5764,-104.5542,n,alive
T35,0738-02592,rs,0,Naicam 5 W,SK,2016,8,6,NA,NA,52.2889,-103.9292,n,alive
T37,0738-02594,rs,0,Greenwater Lake,SK,2009,7,7,NA,NA,52.4972,-103.4825,n,alive
T37,0738-02594,rs,0,Greenwater Lake,SK,2010,8,13,NA,NA,52.4972,-103.4825,n,alive
T37,0738-02594,rs,0,Greenwater Lake,SK,2011,7,2,NA,NA,52.5833,-103.4167,n,alive
T40,0738-02597,rs,0,Greenwater Lake,SK,2010,7,14,NA,NA,52.5833,-103.4167,n,alive
T41,0738-02598,rs,0,Greenwater Lake,SK,2008,8,17,NA,NA,52.5147,-103.5250,n,alive
T54,0738-03611,rs,0,Ranger,SK,2006,9,6,NA,NA,53.6250,-107.7614,n,alive
T54,0738-03611,rs,0,,,,,,NA,NA,,,n,alive
T55,0738-03612,rs,0,,,,,,NA,NA,,,n,alive
T58,0738-03615,rs,0,Snowden,SK,2009,9,8,NA,NA,53.5833,-104.5933,n,alive
T64 ,0738-03621,rs,0,Bonnyville,SK,2010,7,22,NA,NA,54.2583,-110.9750,n,alive
T64 ,0738-03621,rs,0,Franchere,SK,2011,8,16,NA,NA,54.2514,-110.9672,n,alive
T64 ,0738-03621,rs,0,Franchere,SK,2011,9,22,NA,NA,54.2514,-110.9669,n,alive
T64 ,0738-03621,rs,0,Franchere,SK,2012,8,22,NA,NA,54.2511,-110.9672,n,alive
T67,0738-03624,rs,0,Maracaibo,,2009,1,14,NA,NA,10.5444,-71.6444,n,alive
T78,0738-03635,rs,0,Glenburn,SK,2011,4,17,NA,NA,48.5833,-101.0833,n,alive
T82,0738-03639,rs,0,Saltcoats,SK,2009,6,18,NA,NA,51.0750,-101.9875,n,alive
T82,0738-03639,rs,0,Asessippi Dam,MB,2009,7,12,NA,NA,50.9622,-101.4153,n,alive
T83,0738-03640,rs,0,Stump Lake,SK,2011,7,24,NA,NA,53.5461,-106.5322,n,alive
T88,0738-03645,rs,0,Marvin,SD,2007,9,11,NA,NA,45.2500,-96.9167,n,alive
T93,0738-03650,rs,0,Laura,SK,2007,7,15,NA,NA,51.6633,-107.2750,n,alive
A11,0738-03659,rs,0,Saskatoon,SK,2008,8,26,NA,NA,51.9750,-106.7083,n,alive
A20,0738-03668,rs,0,Greenwater Lake,SK,2009,7,12,NA,NA,52.4972,-103.4825,n,alive
A22,0738-03670,rs,0,Greenwater Lake,SK,2010,6,16,NA,NA,52.4972,-103.4825,n,alive
A24,0738-03672,rs,0,Greenwater Lake,SK,2011,6,24,NA,NA,52.4972,-103.4825,n,alive
A26,0738-03674,rs,0,Kehewin Cree,AB,2013,8,20,NA,NA,54.0236,-110.8950,n,alive
A30,0736-03678,rs,0,MacDoall W,SK,2009,6,18,NA,NA,52.9833,-106.4000,n,alive
A30,0738-03678,rs,0,Norbury 5 SE,SK,2011,6,16,NA,NA,53.2250,-107.3178,n,alive
A33,0738-03681,rs,,W of Leoville,SK,2007,9,25,NA,NA,53.5833,-107.7500,n,alive
A33,0738-03681,rs,,Neosho Falls ,KS,2007,10,27,NA,NA,38.0833,-95.5833,n,alive
A33,0738-03681,rs,,Loma Bonita,OAK,2007,12,1,NA,NA,17.1572,-95.4003,n,dead
A41,0738-03689,rs,0,E of Nest Site,SK,2007,8,25,NA,NA,53.5833,-105.4000,n,alive
A42,0738-03690,rs,0,E of Nest Site,SK,2007,8,25,NA,NA,53.5833,-105.4000,n,alive
A43,0738-03691,rs,0,Saskatoon,SK,2011,7,6,NA,NA,52.1569,-106.6356,n,alive
A43,0738-03691,rs,0,Saskatoon,SK,2011,7,12,NA,NA,52.1153,-106.6758,n,alive
A43,0738-03691,rs,0,Saskatoon,SK,2011,7,16,NA,NA,52.1233,-106.6522,n,alive
A43,0738-03691,rs,0,Saskatoon,SK,2011,8,26,NA,NA,52.1264,-106.6494,n,alive
A43,0738-03691,rs,0,Saskatoon,SK,2011,9,22,NA,NA,52.1231,-106.6508,n,alive
A43,0738-03691,rs,0,Buena Vista,SK,2012,7,26,NA,NA,52.0833,-106.5833,n,alive
A43,0738-03691,rs,0,Saskatoon,SK,2013,5,6,NA,NA,52.1119,-106.6606,n,alive
A44,0738-03691,rs,0,,,,8,13,NA,NA,,,n,alive
A45,0738-03694,rs,0,Battleford,SK,2009,6,5,NA,NA,52.8422,-108.3986,n,alive
A49,0738-03698,rs,0,Garthland,SK,2007,8,25,NA,NA,53.0047,-106.3128,n,alive
A50,0738-03699,rs,0,1.9 NNE Garthland,SK,2007,8,12,NA,NA,53.0078,-106.3128,n,alive
A50,0738-03699,rs,0,1.9 NNE Garthland,SK,2007,8,25,NA,NA,53.0078,-106.3128,n,alive
A50,0738-03699,rs,0,Holbein,SK,2011,4,+,NA,NA,53.2417,-106.2083,n,alive
A50,0738-03699,rs,0,Holbein,SK,2011,6,25,NA,NA,53.2119,-106.2961,n,alive
A50,0738-03699,rs,0,Holbein,SK,2011,7,4,NA,NA,53.2119,-106.2961,n,alive
A50,0738-03699,rs,0,Holbein,SK,2011,7,6,NA,NA,53.2119,-106.2961,n,alive
A56,0738-03705,rs,0,22 N St. Paul,AB,2015,5,7,NA,NA,54.3131,-111.3133,n,alive
A59,0738-03708,rs,0,Elk Creek,NE,2009,8,9,NA,NA,40.2500,-96.0833,n,alive
A62,0738-03711,rs,0,MacNutt,SK,2009,7,12,NA,NA,50.9622,-101.4153,n,alive
A67,0738-03717,rs,0,ESE Sunnyglen,SK,2015,7,15,NA,NA,52.2908,-109.1739,n,alive
A2,0738-03754,rs,0,Batoche,SK,2009,9,4,NA,NA,52.7092,-106.0992,n,alive
A5,0738-03757,rs,0,Neutral Valley,AB,2013,6,3,NA,NA,52.1169,-110.8083,n,alive
A8,0738-03560,rs,0,White Fox,SK,2010,7,26,NA,NA,53.5167,-103.9000,n,alive
A75,0738-03725,rs,0,Prince,SK ,2016,5,10,NA,NA,53.1875,-108.4000,n,alive
A86,0738-03766,rs,0,Leross,SK,2011,4,28,NA,NA,51.2750,-103.8750,n,alive
A86,0738-03766,rs,0,Rosthern,SK,2011,9,17,NA,NA,52.6825,-106.1189,n,alive
A86,0738-03766,rs,0,Denholm,SK,2012,5,20,NA,NA,52.5856,-108.0186,n,alive
A86,0738-03766,rs,0,Borden,SK,2012,9,12,NA,NA,52.3439,-107.2756,n,alive
A86,0738-03766,rs,0,St Paul,AB,2013,5,7,NA,NA,54.3000,-111.2833,n,alive
A86,0738-03766,rs,0,Denholm,SK,2014,5,26,NA,NA,52.6083,-108.0167,n,alive
A86,0738-03766,rs,0,Denholm,SK,2017,7,17,NA,NA,52.6972,-108.0678,n,alive
A88,0738-03768,rs,0,Melfort,SK,2012,8,31,NA,NA,52.9672,-104.5342,n,alive
A88,0738-03768,rs,0,Stony,SK,2015,6,21,NA,NA,52.9089,-104.6164,n,alive
A91,0738-03771,rs,0,Glendon,SK,2011,7,30,NA,NA,54.2514,-110.9681,n,alive
A92,0738-03772,rs,0,Regina Beach,SK,2011,9,11,NA,NA,50.7917,-105.0417,n,alive
A97,0738-03777,rs,0,Craven,SK,2010,7,19,NA,NA,50.7417,-104.7122,n,alive
S8,0738-03788,rs,0,Ituna,SK,2014,9,24,NA,NA,51.1667,-104.0292,n,alive
S11,0738-03791,rs,0,Rosthern,SK,2011,9,7,NA,NA,52.6825,-106.1189,n,alive
S11,0738-03791,rs,0,Rosthern,SK,2011,9,17,NA,NA,52.6825,-106.1189,n,alive
S11,0738-03791,rs,0,Buena Vista,SK,2012,7,26,NA,NA,52.0833,-106.5833,n,alive
S11,0738-03791,rs,0,Regina,SK,2012,9,19,NA,NA,50.4547,-104.6067,n,alive
S11,0738-03791,rs,0,Saskatoon,SK,2013,5,6,NA,NA,52.1139,-106.6650,n,alive
S11,0738-03791,rs,0,Buena Vista,SK,2013,7,9,NA,NA,52.1133,-106.6653,n,alive
S11,0738-03791,rs,0,Buena Vista,SK,2013,7,26,NA,NA,52.1133,-106.6653,n,alive
S11,0738-03791,rs,0,Buena Vista,SK,2013,7,28,NA,NA,52.1133,-106.6653,n,alive
S11,0738-03791,rs,0,Buena Vista,SK,2013,8,13,NA,NA,52.1133,-106.6653,n,alive
S11,0738-03791,rs,0,Merrill Hills,SK,2013,8,24,NA,NA,52.0661,-106.7697,n,alive
S11,0738-03791,rs,0,Merrill Hills,SK,2013,8,26,NA,NA,52.0656,-106.7683,n,alive
S11,0738-03791,rs,0,Merrill Hills,SK,2013,8,28,NA,NA,52.0650,-106.7656,n,alive
S11,0738-03791,rs,0,Merrill Hills,SK,2013,8,29,NA,NA,52.2653,-106.7672,n,alive
S11,0738-03791,rs,0,Merrill Hills,SK,2013,8,30,NA,NA,52.0650,-106.7656,n,alive
S11,0738-03791,rs,0,Chennels Road,SK,2014,6,28,NA,NA,52.0281,-106.8361,n,alive
S11,0738-03791,rs,0,Merrill Hills,SK,2015,8,8,NA,NA,52.0650,-106.7664,n,alive
S11,0738-03791,rs,0,Saskatoon,SK,2016,4,20,NA,NA,52.1253,-106.6511,n,alive
S12,7380-03792,rs,0,Lady Lake RP,SK,,6,15,NA,NA,52.0219,-102.6500,n,alive
S13,0738-03793,rs,0,Rapid City,MB,2011,9,25,NA,NA,50.2419,-100.1019,n,alive
S17,0738-03797,rs,0,Archerwill,SK,2015,5,1,NA,NA,52.4419,-103.9150,n,alive
S18,0738-03798,rs,0,Rosthern,SK,2011,9,17,NA,NA,52.6825,-106.1189,n,alive
B1,0738-04502,rs,0,Morse,SK,2010,5,14,NA,NA,50.4125,-107.0458,n,alive
B1,0738-04502,rs,0,Prince Nest,SK,2016,7,18,NA,NA,53.1875,-108.4000,n,alive
B14,0738-04515,rs,0,Big River,SK,2011,5,31,NA,NA,53.8722,-107.0472,n,alive
B21,0738-04522,rs,0,Ridgedale,SK,2009,7,15,NA,NA,53.0603,-104.2253,n,alive
B25,0738-04526,rs,0,White Star,SK,2014,6,29,NA,NA,53.2850,-105.6533,n,alive
B27,0738-04528,rs,0,NNE of Norquay,SK,2017,5,??,NA,NA,52.0356,-101.8350,n,alive
B29,0738-04530,rs,0,Greenwater Lake,SK,2010,6,16,NA,NA,52.4972,-103.4825,n,alive
B29,0738-04530,rs,0,High Tor,SK,2014,6,28,NA,NA,52.4350,-103.3381,n,alive
B29,0738-04530,rs,0,High Tor,SK,2016,8,11,NA,NA,52.6958,-103.5928,n,alive
B29,0738-04530,rs,0,High Tor 2 W,SK,2016,8,1,NA,NA,52.4647,-103.3489,n,alive
B29,0738-04530,rs,0,2 mi W High Tor,SK,2017,7,22,NA,NA,52.4253,-103.3469,n,alive
B29,0738-04530,rs,0,2 mi w High Tor,SK,2018,7,25,NA,NA,,,n,alive
B30,0738-04531,rs,0,W of Chelan,SK,2017,9,14,NA,NA,52.6292,-103.4469,n,alive
B31,0738-04532,rs,0,Pingree,ND,2013,4,28,NA,NA,47.2136,-98.8067,n,alive
B32,0738-04533,rs,0,Batoche,SK,2011,9,22,NA,NA,52.6822,-106.1186,n,alive
B33,0738-04534,rs,0,Akaska,SD,2009,10,4,NA,NA,45.2500,-100.0833,n,alive
B34,0738-04535,rs,0,N of Nora,SK,2016,5,13,NA,NA,52.4153,-103.8539,n,alive
B34,0738-04535,rs,0,Nobleville 5W ,SK,2016,7,7,NA,NA,52.4350,-103.7847,n,alive
B34,0738-04535,rs,0,3.8 Mi E Algrove,SK,2016,9,22,NA,NA,52.4919,-103.8067,n,alive
B34,0738-04535,rs,0,4.2 mi NE Nora,SK,2017,5,28,NA,NA,52.3750,-103.7344,n,alive
B34,0738-04535,rs,0,E of Archerwill,SK,2017,7,8,NA,NA,52.4381,-103.7344,n,alive
B34,0738-04535,rs,0,3.5 mi W Dahlton,SK,2018,5,1,NA,NA,52.4508,-104.1531,n,alive
B34,0738-04535,rs,0,1.5mi ESE Archerwill,SK,2019,4,24,NA,NA,52.4228,-103.8125,n,alive
B36,0738-04537,rs,0,7 nnw Hannover,ND,2018,4,24,NA,NA,47.1811,-101.4869,n,alive
B42,0738-04543,rs,0,Rockglen,SK,2009,8,9,NA,NA,49.1742,-106.1000,n,alive
B44,0738-04545,rs,0,Medicine Lake,MT,2012,9,3,NA,NA,48.3333,-104.1667,n,dead
B56,0738-04557,rs,0, Dumont Roost,SK,2011,9,8,NA,NA,52.6822,-106.1186,n,alive
B56,0738-04557,rs,0,B-Say-Tah,SK,2014,4,19,NA,NA,50.7939,-103.8683,n,alive
B56,0738-04557,rs,0,Little Manitou Lk,SK,2016,8,27,NA,NA,51.7114,-105.3508,n,alive
B56,0738-04557,rs,0,Little Manitou Lk,SK,2016,9,2,NA,NA,51.7114,-105.3508,n,alive
B56,0738-04557,rs,0,3.8mi W Lockwood,SK,2019,5,1,NA,NA,51.6494,-105.1067,n,alive
B59,0738-04560,rs,0,Tuxford 11 E,SK,2011,9,25,NA,NA,50.5667,-105.3417,n,alive
B59,0738-04560,rs,0,Bridgeford,SK,2012,6,19,NA,NA,51.0000,-106.4333,n,alive
B59,0738-04560,rs,0,S of Tugaske,SK,2016,9,1,NA,NA,50.8639,-106.3139,n,alive
B59,0738-04560,rs,0,3 mi SE of Elbow,SK,2017,9,22,NA,NA,52.0833,-106.5333,n,alive
B60,0738-04561,rs,0,Glenbrea,SK,2012,8,27,NA,NA,50.8047,-104.6653,n,alive
B60,0738-04561,rs,0,,,2018,8,12,NA,NA,,,n,dead
B62,0738-04563,rs,0,Maymont,SK,2010,7,8,NA,NA,52.5500,-107.6833,n,alive
B65,0738-4566,rs,0,Pierre,SD,2016,5,2,NA,NA,44.3592,-100.3008,n,alive
B71,0738-04572,rs,0,Love,SK,2011,5,9,NA,NA,53.5792,-104.2250,n,alive
B73,0738-04574,rs,0,Dumont Roost,SK,2010,6,24,NA,NA,52.6822,-106.1186,n,alive
B73,0738-04574,rs,0,Weyburn,SK,2013,4,23,NA,NA,49.6611,-103.8525,n,alive
B73,0738-04574,rs,0,Weyburn,SK,2013,4,27,NA,NA,49.6500,-103.8500,n,alive
B79,0738-04580,rs,0,Webster,SD,2009,6,20,NA,NA,45.4167,-97.5833,n,alive
B82,0738-04583,rs,0,Rosthern,SK,2012,8,17,NA,NA,52.5833,-106.0833,n,alive
B82,0738-04583,rs,0,Brunskill,SK,2012,9,3,NA,NA,52.1264,-106.6469,n,alive
B82,0738-04583,rs,0,Rosthern,SK,2012,9,10,NA,NA,52.6625,-106.7683,n,alive
B85,0738-04586,rs,0,Lizard Lake,SK,2013,6,29,NA,NA,52.3036,-107.8033,n,alive
B85,0738-04586,rs,0,Birling,SK,2013,7,9,NA,NA,53.1344,-109.1497,n,alive
B87,0738-04588,rs,0,Rosthern,SK,2009,9,4,NA,NA,52.5833,-106.0833,n,alive
B87,0738-04588,rs,0,Prince Albert,SK,2011,6,29,NA,NA,53.1858,-106.0736,n,alive
B88,0738-04589,rs,0,N of White Fox,SK,2010,9,24,NA,NA,53.5831,-104.0831,n,alive
B90,0738-04591,rs,0,Dahlton,SK,2015,9,12,NA,NA,52.4411,-104.1789,n,alive
B90,0738-04591,rs,0,Bryant,SD,2016,4,5,NA,NA,44.6294,-97.4297,n,alive
B92,0738-04593,rs,0,Swan River,MB,2012,8,12,NA,NA,52.1625,-101.3125,n,alive
B95,0738-04596,rs,0,N of Bridgeford,SK,2012,5,13,NA,NA,50.9933,-106.4078,n,alive
S21,0738-04601,rs,0,BODO,SK,2012,8,21,NA,NA,52.0833,-110.0833,n,alive
S21,0738-04601,rs,0,Beaver Dale,SK,2013,5,29,NA,NA,51.2383,-102.9867,n,alive
S21,0738-04601,rs,0,Denholm6S,SK,2013,5,29,NA,NA,52.5997,-108.0206,n,alive
S21,0738-04601,rs,0,5mi WNW Rock Dell,SK,2018,7,28,NA,NA,51.2092,-102.8947,n,alive
S21,0738-04601,rs,0,7mi W Willowbrook,SK,2019,9,19,NA,NA,52.2119,-102.9486,n,alive
S23,0738-04603,rs,0,Ninette,MB,2011,7,13,NA,NA,49.3336,-99.5511,n,alive
S24,0738-04604,rs,0,Cater,SK,2011,5,7,NA,NA,53.3650,-108.1022,n,alive
S35,0738-04615,rs,0,Glad Valley,SD,2013,4,24,NA,NA,45.3556,-101.6194,n,alive
S35,0738-04615,rs,0,Storthoaks,SK,2013,4,25,NA,NA,49.3556,-101.6194,n,alive
S36,0738-04616,rs,0,Pike Lake,SK,2015,9,20,NA,NA,51.9128,-106.8286,n,alive
S38,0738-04618,rs,0,Shaunavon,SK,2012,4,22,NA,NA,49.6414,-108.4042,n,alive
S38,0738-04618,rs,0,McCone County,MT,2016,4,19,NA,NA,47.4175,-105.5867,n,alive
S39,0738-04619,rs,0,White Fox,SK,2013,8,8,NA,NA,53.5269,-103.9478,n,alive
S61,0738-04641,rs,0,Greenwater Lake,SK,2011,7,2,NA,NA,52.3700,-103.4706,n,alive
S69,0738-04649,rs,0,SSW of High Tor,SK,2016,8,12,NA,NA,52.4175,-103.3250,n,alive
S71,0738-04651,rs,0,Yellow Creek S,SK,2015,5,8,NA,NA,52.7028,-105.1486,n,alive
S71,0738-04651,rs,0,Yellow Creek S,SK,2015,5,10,NA,NA,52.6956,-105.1489,n,alive
S71,0738-04651,rs,0,Yellow Creek S,SK,2015,6,13,NA,NA,52.6956,-105.1489,n,alive
S71,0738-04651,rs,0,Yellow Creek SW,SK,2016,9,1,NA,NA,52.7444,-105.3083,n,alive
S73,0738-04653,rs,0,Archerwill,SK,2014,9,22,NA,NA,52.4356,-103.8608,n,alive
S73,0738-04653,rs,0,Algrove,SK,2015,9,23,NA,NA,52.4828,-103.9800,n,alive
S73,0738-04653,rs,0, Algrove 4W,SK,2016,5,15,NA,NA,52.4828,-103.7942,n,alive
S73,0738-04653,rs,0, Algrove 4W,SK,2016,5,18,NA,NA,52.4828,-103.7942,n,alive
S73,0738-04653,rs,0, Algrove 4W,SK,2016,5,20,NA,NA,52.4828,-103.7942,n,alive
S73,0738-04653,rs,0,3.8 Mi E Algrove,SK,2016,6,8,NA,NA,52.4919,-103.8067,n,alive
S73,0738-04653,rs,0,3.8 Mi E Algrove,SK,2016,8,10,NA,NA,52.4919,-103.8067,n,alive
S73,0738-04653,rs,0,3.8 Mi E Algrove,SK,2016,8,12,NA,NA,52.4919,-103.8067,n,alive
S73,0738-04653,rs,0,3.8 Mi E Algrove,SK,2016,8,24,NA,NA,52.4919,-103.8067,n,alive
S73,0738-04653,rs,0,3.3 W Archerwill,SK,2017,5,28,NA,NA,52.4358,-103.9483,n,alive
S73,0738-04653,rs,0,1.7 SW Algrove,SK,2017,7,12,NA,NA,52.4858,-103.9019,n,alive
S73,0738-04653,rs,0,SE Dahlton,SK,2017,9,25,NA,NA,52.4264,-104.0211,n,alive
S73,0738-04653,rs,0,3.3 W Archerwill,SK,2019,5,4,NA,NA,52.4358,-103.9483,n,alive
S73,0738-04653,rs,0,3.3 W Archerwill,SK,2019,5,13,NA,NA,52.4358,-103.9483,n,alive
S77,0738-04657,rs,0,Kennell,SK,2010,7,19,NA,NA,50.7333,-104.6833,n,alive
S78,0738-04658,rs,0,Winnipeg,MB,2011,6,10,NA,NA,49.8381,-97.1311,n,alive
S80,0738-04660,rs,0,Northern Pine,SK,2013,7,7,NA,NA,54.5667,-109.9111,n,alive
S90,0738-04670,rs,0,Borden,SK,2013,5,15,NA,NA,52.3950,-107.3214,n,alive
S90,0738-04670,rs,0,Borden,SK,2013,7,31,NA,NA,52.3400,-107.3242,n,alive
S90,0738-04670,rs,0,Arelee,SK,2014,5,21,NA,NA,52.3333,-107.4167,n,alive
S92,0738-04672,rs,0,Swanson,SK,2013,5,20,NA,NA,51.6583,-106.9556,n,alive
S93,0738-04673,rs,0,Swanson,SK,2013,5,20,NA,NA,51.6583,-106.9556,n,alive
C41,0738-05462,rs,0,Pike Lake,SK,2013,8,12,NA,NA,51.9589,-106.8156,n,alive
C41,0738-05462,rs,0,Saskatoon,SK,2015,4,21,NA,NA,51.8533,-107.1514,n,alive
C41,0738-05462,rs,0,Saskatoon,SK,2015,4,30,NA,NA,52.1125,-106.6778,n,alive
C41,0738-05462,rs,0,Whitecap,SK,2018,7,17,NA,NA,51.8492,-106.7006,n,alive
C43,0738-05464,rs,0,Glenbrea,SK,2012,8,27,NA,NA,50.8047,-104.6653,n,alive
C43,0738-05464,rs,0,Saskatoon,SK,2014,5,9,NA,NA,51.7764,-107.1486,n,alive
C56,0738-05477,rs,0,Cordel,AB,2012,9,7,NA,NA,52.4778,-112.1778,n,alive
C56,0738-05477,rs,0,WNW Musidora,,2017,4,22,NA,NA,53.6906,-111.5897,n,alive
C57,0738-05478,rs,0,Morecambe,AB,2017,6,20,NA,NA,53.6131,-111.5250,n,alive
C59,0738-05480,rs,0,Fort Peck,MT,2015,4,7,NA,NA,48.0128,-106.4478,n,alive
C59,0738-05480,rs,0,Fort Peck,MT,2015,4,11,NA,NA,48.0128,-106.4478,n,alive
C40,0738-05486,rs,0,Foam Lake,SK,2012,6,15,NA,NA,51.7692,-103.5419,n,alive
C2,0738-05494,rs,0,Arlington Beach,SK,2012,6,7,NA,NA,51.2992,-105.1872,n,alive
C4,0738-05496,rs,0,Bridgeford,SK,2012,5,13,NA,NA,50.9900,-106.3992,n,alive
C4,0738-05496,rs,0,Windthorst,SK,2015,6,14,NA,NA,50.1925,-102.8253,n,alive
E12,0738-05705,rs,0,Jordan River,SK,2014,7,22,NA,NA,53.1178,-103.4575,n,alive
E12,0738-05705,rs,0,Arborfield,SK,2015,6,10,NA,NA,53.0544,-103.5758,n,alive
E14,0738-05707,rs,0,E of Carberry,MB,2016,5,3,NA,NA,49.8669,-99.3011,n,alive
E15,0738-05708,rs,0,"Camarones, La Guajira",COL,2019,2,13,NA,NA,11.4256,-73.0692,n,alive
E15,0738-05708,rs,0,"Camarones, La Guajira",COL,2019,2,20,NA,NA,11.4256,-73.0692,n,alive
E19,0738-05712,rs,0,White Fox,SK,2013,5,16,NA,NA,53.5014,-103.8794,n,alive
E23,0738-05716,rs,0,Meath Park,SK,2015,7,7,NA,NA,53.5333,-105.4000,n,alive
E24,0738-05717,rs,0,Springview,NE,2011,4,21,NA,NA,42.8239,-99.9014,n,alive
K2,0738-05720,rs,0,Cater,SK,2011,7,2,NA,NA,53.3286,-107.9558,n,alive
K2,0738-05720,rs,0,S of Weirdale,SK,2012,7,24,NA,NA,53.3006,-105.1958,n,alive
K3,0738-05721,rs,0,St. Louis,,2014,7,19,NA,NA,52.9294,-105.7972,n,alive
K5,0738-05723,rs,0,Wingard,SK,2012,4,30,NA,NA,52.9328,-106.3858,n,alive
K5,0738-05723,rs,0,Hinchliffe,SK,2014,5,18,NA,NA,52.1083,-102.7694,n,alive
K7,0738-05725,rs,0,Dahlton,SK,2016,6,29,NA,NA,52.5156,-104.1672,n,alive
K8,0738-05726,rs,0,Mitchelview,SK,2014,5,30,NA,NA,51.9111,-102.8000,n,alive
K8,0738-05726,rs,0,Tadmore,SK,2015,5,31,NA,NA,51.8383,-102.6283,n,alive
K10,0738-05728,rs,0,W of Rose Valley,SK,2016,6,29,NA,NA,52.2967,-103.9183,n,alive
K10,0738-05728,rs,0,W of Rose Valley,SK,2017,5,6,NA,NA,52.2864,-103.8947,n,alive
K10,0738-05728,rs,0,W of AREN,SK,2017,6,24,NA,NA,52.4553,-103.8556,n,alive
K10,0738-05728,rs,0,W of Rose Valley,SK,2017,7,15,NA,NA,52.2864,-103.8947,n,alive
K10,0738-05728,rs,0,3.8E Archerwill,SK,2017,9,9,NA,NA,52.4919,-103.8067,n,alive
K11,0738-05729,rs,0,Somme,SK,2012,5,27,NA,NA,52.5056,-102.9650,n,alive
K11,0738-05729,rs,0,Cater,SK,2014,7,1,NA,NA,53.3967,-108.0572,n,alive
K11,0738-05729,rs,0,N of Cater,SK,2016,5,4,NA,NA,53.3719,-108.0294,n,alive
K12,0738-05730,rs,0,Preecville,SK,2011,8,28,NA,NA,51.9167,-102.7500,n,alive
K13,0738-05731,rs,0,Barford,SK,2016,6,27,NA,NA,52.5231,-103.9231,n,alive
K19,0738-05737,rs,0,Shonts,AB,2014,7,14,NA,NA,53.3589,-112.4894,n,alive
K19,0738-05737,rs,0,Hinsdale,MT,2015,9,23,NA,NA,48.3936,-107.0833,n,alive
K19,0738-05737,rs,0,Bawlf,AB,2017,9,25,NA,NA,52.9450,-112.3603,n,alive
K24,0738-05742,rs,0,Ceepee,SK,2014,5,22,NA,NA,52.3256,-107.1164,n,alive
K28,0738-05746,rs,0,Chauvin,SK,2011,8,5,NA,NA,52.7544,-110.0422,n,alive
K30,0738-05748,rs,0,Big Horn,WY,2011,9,17,NA,NA,44.7500,-106.9167,n,alive
K30,0738-05748,rs,0,Ruddell,SK,2012,9,11,NA,NA,52.6158,-107.8908,n,alive
K31,0738-05749,rs,0,Hinsdale,MT,2017,4,12,NA,NA,48.4039,-107.0878,n,alive
K36,0738-05754,rs,0,Goose Lake,SK,2012,6,20,NA,NA,51.7917,-107.3333,n,alive
K41,0738-05759,rs,0,MacDowall,SK,2013,7,26,NA,NA,53.0231,-105.9739,n,alive
K42,0738-05760,rs,0,Vilna,AB,2016,5,22,NA,NA,54.0000,-111.9500,n,dead
K44,0738-05762,rs,0,Bridgeford,SK,2012,6,3,NA,NA,50.9500,-106.4000,n,alive
K44,0738-05762,rs,0,Stowlea,SK,2013,5,30,NA,NA,53.6661,-109.0747,n,alive
K45,0738-05763,rs,0,Maracaibo,,2011,4,10,NA,NA,10.7533,-71.6619,n,alive
K50,0738-05768,rs,0,Zhoda,MB,2011,6,25,NA,NA,49.2333,-96.5167,n,alive
K54,0738-05772,rs,0,Meskanaw,SK,2014,5,16,NA,NA,52.7819,-105.0789,n,alive
K59,0738-05777,rs,0,Kinloch,SK,2015,6,15,NA,NA,52.4597,-103.5017,n,alive
K59,0738-05777,rs,0,E of Algrove,SK,2016,8,23,NA,NA,52.4939,-103.7942,n,alive
K62,0738-05780,rs,0,Redvers,SK,2011,6,10,NA,NA,49.2611,-101.6389,n,alive
K63,0738-05781,rs,0,Franchere,SK,2013,8,20,NA,NA,54.2525,-110.9672,n,alive
K66,0738-05784,rs,0,Clanwilliam,MB,2014,10,9,NA,NA,50.3667,-99.8167,n,alive
K67,0738-05785,rs,0,Glenboro,MB,2013,5,3,NA,NA,49.5167,-99.2667,n,alive
K68,0738-05786,rs,0,Fort Assiniboine,AB,2012,6,20,NA,NA,54.3167,-114.5833,n,alive
K68,0738-05786,rs,0,Regina,SK,2016,10,15,NA,NA,50.5042,-104.6592,n,alive
C19,0738-05788,rs,0,Fitzmaurice,SK,2012,8,15,NA,NA,51.3561,-103.1617,n,alive
C19,0738-05788,rs,0,Leross,SK,2015,5,16,NA,NA,51.3353,-103.8458,n,alive
C23,0738-05792,rs,0,Swanson,SK,2012,6,26,NA,NA,51.6528,-107.0250,n,alive
C23,0738-05792,rs,0,Beauvallon,AB,2013,6,7,NA,NA,53.5406,-111.4275,n,alive
C23,0738-05792,rs,0,Cheadle,AB,2015,4,23,NA,NA,50.9961,-113.5372,n,alive
C23,0738-05792,rs,0,Sedgewick,AB,2016,8,27,NA,NA,52.7833,-111.7667,n,alive
C27,0738-05796,rs,0,Davidson,SK,2014,7,1,NA,NA,51.3458,-105.9858,n,alive
C33,0738-05802,rs,0,5mi SW Myrtle Beach,SC,2018,3,26,NA,NA,33.6192,-79.0056,n,alive
C70,0738-05804,rs,0,Borden,SK,2014,5,21,NA,NA,52.3406,-107.2469,n,alive
C70,0738-05804,rs,0,Dalmeny,SK,2014,6,17,NA,NA,52.3406,-106.7531,n,alive
C70,0738-05804,rs,0,Mossbank,SK,2016,4,14,NA,NA,49.9333,-105.9667,n,alive
C80,0738-05814,rs,0,Tilston,MB,2013,5,29,NA,NA,49.3439,-101.3700,n,alive
C90,0738-05824,rs,0,Borden,SK,2014,6,17,NA,NA,52.3406,-107.2469,n,alive
C98,0738-06425,rs,0,Barrier Lake,SK,2016,8,2,NA,NA,52.5264,-103.7267,n,alive
C98,0738-06425,rs,0,3.8E Archerwill,SK,2017,7,16,NA,NA,52.4919,-103.8067,n,alive
E25,0738-06427,rs,0,Goodsoil,SK,2014,9,16,NA,NA,54.5000,-109.0000,n,alive
E25,0738-06427,rs,0,3.4 mi E Algrove,SK,2017,5,5,NA,NA,52.4903,-103.7767,n,alive
E26,0738-06428,rs,0,Franchere,SK,2013,6,25,NA,NA,54.2508,-110.9683,n,alive
E27,0738-06429,rs,0,Anzalduas Park,TX,2014,11,11,NA,NA,26.1397,-98.3325,n,alive
E27,0738-06429,rs,0,Fisher Branch,MB,2017,8,15,NA,NA,51.0833,-97.6167,n,alive
E31,0738-06433,rs,0,White Star,SK,2014,8,3,NA,NA,53.2897,-105.6600,n,alive
E32,0738-06434,rs,0,Weyakwin,SK,2015,5,2,NA,NA,54.2500,-106.0500,n,alive
E33,0738-06435,rs,0,S of Danbury,SK,2018,4,25,NA,NA,51.9506,-103.2233,n,alive
E36,0738-06438,rs,0,Christine,TX,2013,4,30,NA,NA,28.7144,-98.4664,n,alive
E37,0738-06439,rs,0,Odessa,SK,2012,6,8,NA,NA,50.3389,-103.7000,n,alive
E37,0738-06439,rs,0,,SK,2015,7,9,NA,NA,53.4217,-103.9525,n,alive
E45,0738-06447,rs,0,Strong Pine,SK,2014,6,11,NA,NA,53.2778,-105.2044,n,alive
E51,0738-06453,rs,0,Archerwill,SK,2014,9,22,NA,NA,52.4356,-103.8608,n,alive
E51,0738-06453,rs,0,S of Dahlton,SK,2017,7,1,NA,NA,52.3933,-104.1178,n,alive
E51,0738-06453,rs,0,SE Dahlton,SK,2017,9,25,NA,NA,52.4264,-104.0211,n,alive
E55,0738-06457,rs,0,Verigin,SK,2013,5,26,NA,NA,51.9556,-102.0278,n,alive
E56,0738-06458,rs,0,Pierre,SD,2012,8,21,NA,NA,44.3708,-100.3681,n,alive
E56,0738-06458,rs,0,Nipawin,SK,2014,6,14,NA,NA,53.3658,-103.9389,n,alive
E58,0738-06460,rs,0,Lakeland,MB,2012,5,19,NA,NA,50.3000,-98.6167,n,alive
K70,0738-06467,rs,0,Deer Ridge,SK,2015,7,25,NA,NA,53.9611,-106.1072,n,alive
K77,0738-06474,rs,0,E of Algrove,SK,2016,8,12,NA,NA,52.4939,-103.7942,n,alive
K77,0738-06474,rs,0,N of Algrove,SK,2017,6,25,NA,NA,52.5519,-103.8972,n,alive
K82,0738-06479,rs,0,3.8 Mi E Algrove,SK,2017,9,22,NA,NA,52.4919,-103.8067,n,alive
K91,0738-06488,rs,0,Lily Plain,SK,2017,5,4,NA,NA,53.1803,-106.1181,n,alive
K98,0738-06495,rs,0,Mistussine,SK,2015,6,3,NA,NA,51.0533,-106.5031,n,alive
V5,0738-06502,rs,0,Cater,SK,2012,6,22,NA,NA,53.3647,-108.2150,n,alive
V6,0738-06503,rs,0,Meadow Lake,SK,2013,8,29,NA,NA,54.1681,-108.5222,n,alive
V8,0738-06505,rs,0,Edam,SK,2012,4,11,NA,NA,53.2500,-109.0831,n,dead
V9,0738-06506,rs,0,E of Edam,SK,2012,9,16,NA,NA,53.2783,-108.6342,n,alive
V11,0738-06508,rs,0,Batoche,SK,2013,8,29,NA,NA,52.6822,-106.1197,n,alive
V12,0738-06509,rs,0,Wainwright,SK,2015,10,5,NA,NA,52.8906,-110.8581,n,dead
V19,0738-06516,rs,0,N of Macklin,SK,2017,9,14,NA,NA,52.5003,-109.9606,n,dead
V20,0738-06517,rs,0,ESE Elnora,AB,2018,6,24,NA,NA,51.9500,-112.9500,n,alive
C37,0738-06582,rs,0,Glenbrea,SK,2014,6,6,NA,NA,50.7769,-104.6669,n,alive
C38,0738-06583,rs,0,Elba,NE,2014,9,30,NA,NA,41.3525,-98.5311,n,alive
C38,0738-06583,rs,0,Maxbass,ND,2016,4,9,NA,NA,48.7303,-101.0850,n,alive
C99,0738-06585,rs,0,Batoche,SK,2013,8,29,NA,NA,52.6822,-106.1197,n,alive
E65,0738-06586,rs,F,Mayview,SK,2017,4,25,NA,NA,53.5106,-106.0033,n,alive
E68,0738-06589,rs,F,Montmartre,SK,2014,7,10,NA,NA,50.2200,-103.4508,n,alive
E70,0738-06591,rs,F,Humboldt,SK,2015,9,21,NA,NA,52.2308,-105.2408,n,alive
E72,0738-06593,rs,F,E Crystal Lake,SK,2017,8,14,NA,NA,51.8492,-102.2661,n,alive
E74,0738-06595,rs,F,Munroe,SK,2015,5,13,NA,NA,50.0353,-99.4117,n,alive
E79,0738-06600,rs,F,Danbury,SK,2015,5,7,NA,NA,52.1717,-102.2983,n,alive
E81,0738-06602,rs,M,Deer Ridge,SK,2015,6,6,NA,NA,53.4025,-106.1244,n,alive
E81,0738-06602,rs,M,PA Airpot,SK,2018,8,23,NA,NA,53.2139,-105.6822,n,dead
E83,0738-06604,rs,M,Prince Albert,SK,2013,9,4,NA,NA,53.1856,-105.6636,n,alive
E86,0738-06607,rs,F,Aberdeen,SD,2013,6,22,NA,NA,45.5406,-98.6225,n,alive
E86,0738-06607,rs,F,White Star,SK,2015,5,31,NA,NA,53.2864,-105.6542,n,alive
E86,0738-06607,rs,F,White Star,SK,2015,7,8,NA,NA,53.3069,-105.8242,n,alive
E88,0738-06609,rs,F,Meath Park,SK,2015,7,6,NA,NA,53.5286,-105.4269,n,alive
80A,0738-07359,rs,0,Juchitlan,MEX,2016,10,24,NA,NA,20.0500,-104.0700,n,alive
V37,0738-07406,rs,0,Doniphan,NE,2018,2,26,NA,NA,40.6667,-98.3333,n,dead
V57,0738-07419,rs,M,Austin,TX,2013,5,5,NA,NA,29.7186,-96.8961,n,alive
V58,0738-07420,rs,F,Pelican Narrows,SK,2013,9,18,NA,NA,54.2447,-110.9589,n,alive
V60,0738-07422,rs,F,Fairfield,ND,2013,6,11,NA,NA,47.1869,-103.5056,n,alive
V69,0738-07431,rs,M,2.8 mi W Dacer,SK,2017,7,31,NA,NA,52.6822,-108.3278,n,alive
V77,0738-07439,rs,M,Blueberry,WI,2013,6,2,NA,NA,46.6792,-91.6419,n,alive
V77,0738-07439,rs,M,NW of Hague,SK,2014,5,27,NA,NA,52.5189,-106.3928,n,alive
V80,0738-07442,rs,M,W of Edgerton,AB,2014,8,14,NA,NA,52.7553,-110.5164,n,alive
V82,0738-07444,rs,F,Denholm,SK,2014,6,18,NA,NA,52.6233,-108.0075,n,alive
V83,0738-07445,rs,M,Batoche,SK,2013,9,1,NA,NA,52.6894,-106.1458,n,alive
V85,0738-07447,rs,F,Hague,SK,2014,5,27,NA,NA,52.5153,-106.4281,n,alive
V85,0738-07447,rs,F,Environ,SK,2014,9,14,NA,NA,52.2131,-107.3797,n,alive
V88,0738-07450,rs,M,Fort Thompson,SD,2013,6,16,NA,NA,44.0517,-99.4522,n,alive
V88,0738-07450,rs,M,Watrous,SK,2014,9,13,NA,NA,51.7197,-105.3592,n,alive
V88,0738-07450,rs,M,Borden,SK,2015,8,5,NA,NA,52.3828,-107.3383,n,alive
V88,0738-07450,rs,M,Borden,SK,2016,6,2,NA,NA,52.3950,-107.3214,n,alive
V88,0738-07450,rs,M,Borden,SK,2018,5,24,NA,NA,52.4058,-107.3475,n,alive
V89,0738-07451,rs,M,Dalemny,SK,2014,6,17,NA,NA,52.3406,-106.7531,n,alive
V91,0738-07453,rs,M,Brooks,AB,2014,5,27,NA,NA,50.5714,-111.8678,n,alive
V91,0738-07453,rs,M,Central Butte,SK,2016,6,1,NA,NA,50.9900,-106.3917,n,alive
V93,0738-07455,rs,F,Batoche,SK,2013,9,1,NA,NA,52.6822,-106.1197,n,alive
V96,0738-07458,rs,M,.6 mi E of Glaslyn,SK,2017,7,13,NA,NA,53.3600,-108.3394,n,alive
X12,0738-07474,rs,M,Nora,SK,2015,8,26,NA,NA,52.4078,-103.8553,n,alive
X12,0738-07474,rs,M,Nora,SK,2016,7,29,NA,NA,52.3997,-103.8542,n,alive
X12,0738-07474,rs,M,S of Archerwill,SK,2016,5,6,NA,NA,52.4103,-103.8558,n,alive
X12,0738-07474,rs,M,3.8 Mi E Algrove,SK,2016,8,31,NA,NA,52.4919,-103.8067,n,alive
X12,0738-07474,rs,M,3.3 W Archerwill,SK,2017,5,3,NA,NA,52.4358,-103.9483,n,alive
X12,0738-07474,rs,M,W of Archerwill,SK,2017,9,8,NA,NA,52.4467,-103.9625,n,alive
X12,0738-07474,rs,M,3.3 W Archerwill,SK,2018,4,30,NA,NA,52.4358,-103.9483,n,alive
X12,0738-07474,rs,M,1.5ESE Archerwill,SK,2019,4,24,NA,NA,52.4228,-103.8125,n,alive
X13,0738-07475,rs,F,Nora,SK,2015,8,25,NA,NA,52.4078,-103.8553,n,alive
X13,0738-07475,rs,F,E of Algrove,SK,2016,8,12,NA,NA,52.4939,-103.7942,n,alive
X13,0738-07475,rs,F,3.8 Mi E Algrove,SK,2017,5,22,NA,NA,52.4919,-103.8067,n,alive
X13,0738-07475,rs,F,,SK,2018,9,2,NA,NA,52.4939,-103.7942,n,alive
X14,0738-07476,rs,F,3 Mi S of Hague,SK,2015,5,23,NA,NA,52.4333,-106.3000,n,alive
X19,0738-07481,rs,M,Fort Peck,MT,2015,9,23,NA,NA,48.0078,-106.4414,n,alive
X23,0738-07485,rs,M,Kingsville,TX,2013,5,24,NA,NA,27.5158,-97.8561,n,alive
X25,0738-07487,rs,M,St. Brieux,SK,2016,5,15,NA,NA,53.6411,-104.8556,n,alive
X28,0738-07490,rs,F,Lindbrook,AB,2014,7,14,NA,NA,53.3975,-112.8306,n,alive
X28,0738-07490,rs,F,Fort Peck,MT,2015,4,17,NA,NA,48.0131,-106.4478,n,alive
X28,0738-07490,rs,F,Bruderheim,AB,2015,5,1,NA,NA,53.7997,-112.9283,n,alive
X31,0738-07493,rs,M,Borden,SK,2013,7,29,NA,NA,52.3400,-107.3242,n,alive
X33,0738-07495,rs,M,Regina,SK,2015,9,8,NA,NA,50.4292,-104.6106,n,alive
X35,0738-07497,rs,F,Garthland,SK,2014,7,1,NA,NA,52.9833,-106.3958,n,alive
X42,0738-07504,rs,M,Nipawin,SK,2014,6,14,NA,NA,53.3500,-104.0339,n,alive
X45,0738-07507,rs,M,Dahlton,SK,2017,9,20,NA,NA,52.4464,-104.1456,n,alive
X47,0738-07509,rs,F,Tilston,SK,2013,7,10,NA,NA,49.4292,-101.2561,n,alive
R2,0738-07570,rs,F,Dahlton,SK,2015,9,17,NA,NA,52.4614,-104.1656,n,alive
R4,0738-07572,rs,M,Deer Ridge,SK,2015,6,9,NA,NA,53.4025,-106.1244,n,alive
R8,0738-07576,rs,F,Preecville,SK,2016,5,15,NA,NA,51.9694,-102.6806,n,alive
R13,0738-07581,rs,M,Cudworth,SK,2016,9,22,NA,NA,52.4928,-105.7464,n,alive
R25,0738-07591,rs,M,NNW St. Walburg,SK,2018,6,10,NA,NA,53.6867,-109.2369,n,alive
R28,0738-07594,rs,F,Bristow,OK,2014,9,9,NA,NA,35.8306,-96.3911,n,alive
 R32,0738-07598,rs,0,Elbow,SK,2014,9,6,NA,NA,50.6733,-106.5978,n,alive
R34,0738-07600,rs,0,Nora,SK,2015,8,26,NA,NA,52.4078,-103.8553,n,alive
X54,0738-07606,rs,M,W Beaver Creek,SK,2016,5,7,NA,NA,51.9694,-106.7128,n,alive
X54,0738-07606,rs,M,Lorenzo,SK,2017,6,20,NA,NA,52.9694,-107.5417,n,alive
X56,0738-07608,rs,M,Fort Peck,MT,2014,9,22,NA,NA,48.0128,-106.4475,n,alive
X57,0738-07609,rs,M,Fort Peck,MT,2019,4,19,NA,NA,48.0128,-106.4475,n,alive
X59,0738-07611,rs,M,Aylesburg,SK,2014,5,22,NA,NA,50.9392,-105.6736,n,alive
X59,0738-07611,rs,M,Hinsdale,MT,2016,4,26,NA,NA,48.4000,-107.0833,n,alive
X64,0738-07616,rs,M,Fort Peck,MT,2014,9,16,NA,NA,48.0136,-106.4483,n,alive
X64,0738-07616,rs,M,Lorenzo,SK,2015,5,20,NA,NA,53.0167,-107.4167,n,alive
X83,0738-07635,rs,F,S of Borden,SK,2014,8,25,NA,NA,52.4569,-107.3056,n,alive
X98,0738-07650,rs,F,Bridgeford,SK,2015,7,27,NA,NA,50.9872,-106.4286,n,alive
Z28,0738-07652,rs,M,WNW of Fallon,MT,2014,9,27,NA,NA,46.9000,-105.3167,n,alive
Z31,0738-07655,rs,F,NNE Fort Peck,MT,2018,9,22,NA,NA,48.0164,-106.4467,n,alive
Z46,0738-07670,rs,M,Nora,SK,2015,8,25,NA,NA,52.4078,-103.8553,n,alive
Z46,0738-07670,rs,M,Archerwill,SK,2016,5,3,NA,NA,52.3697,-103.8636,n,alive
Z46,0738-07670,rs,M,3.8 Mi E Algrove,SK,2016,8,12,NA,NA,52.4919,-103.8067,n,alive
Z47,0738-07671,rs,F,Watrous,SK,2014,9,7,NA,NA,51.7197,-105.3592,n,alive
Z51,0738-07675,rs,M,Nora,SK,2015,8,23,NA,NA,52.4078,-103.8553,n,alive
Z51,0738-07675,rs,M,Archerwill,SK,2016,5,3,NA,NA,52.3697,-103.8636,n,alive
Z51,0738-07675,rs,M,W of AREN,SK,2017,6,24,NA,NA,52.4553,-103.8556,n,alive
Z51,0738-07675,rs,M,N of Archerwill,SK,2017,6,27,NA,NA,52.4536,-103.8550,n,alive
Z51,0738-07675,rs,M,3.8 Mi E Algrove,SK,2017,9,24,NA,NA,52.4919,-103.8067,n,alive
Z51,0738-07675,rs,M,1.5 mi Archerwill,SK,2018,5,1,NA,NA,52.4311,-103.8042,n,alive
Z53,0738-07677,rs,M,Norquay,SK,2015,5,25,NA,NA,51.9536,-102.0233,n,alive
Z53,0738-07677,rs,M,E of Pleasantdale,SK,,,,NA,NA,52.5714,-104.2472,n,alive
Z53,0738-07677,rs,M,E of Pleasantdale,SK,2018,5,22,NA,NA,,,n,alive
Z57,0738-07681,rs,M,4.1 ENE Algrove,SK,2017,5,4,NA,NA,52.5336,-103.8153,n,alive
Z58,0738-07682,rs,F,Costa Rica,,2014,2,27,NA,NA,10.4408,-85.3967,n,dead
Z59,0738-07683,rs,F,White Star,SK,2014,17,4,NA,NA,53.2897,-105.6600,n,alive
Z65,0738-07689,rs,F,Bowman,ND,2015,5,9,NA,NA,46.1831,-103.3950,n,alive
Z65,0738-07689,rs,F,Clearsand Beach,SK,2016,7,20,NA,NA,53.5611,-105.6917,n,alive
Z70,0738-07694,rs,F,Lancaster County,NB,2016,9,17,NA,NA,40.9789,-96.8839,n,alive
Z70,0738-07694,rs,F,Council Groves,KS,2017,4,12,NA,NA,38.6650,-96.4889,n,alive
Z76,0738-07700,rs,M,S of Herbert,SK,2015,5,5,NA,NA,50.3100,-107.2253,n,alive
Z78,0738-07702,rs,M,Herbert,SK,2015,4,26,NA,NA,50.3394,-107.2250,n,alive
Z82,0738-07706,rs,F,Little Manitou Lk,SK,2016,8,1,NA,NA,51.7183,-105.3872,n,alive
Z85,0738-07709,rs,F,Ravenna,TX,2014,1,20,NA,NA,33.7008,-96.1903,n,alive
Z86,0738-07710,rs,M,NNE Saskatoon,SK,2017,7,8,NA,NA,52.2083,-106.6133,n,alive
Z86,0738-07710,rs,M,Cranberry Flats,SK,2019,8,1,NA,NA,52.0317,-106.7006,n,alive
Z90,0738-07714,rs,M,NNE of Arelee,SK,2014,5,21,NA,NA,52.3333,-107.4167,n,alive
Z97,0738-07721,rs,M,Blaine Lake,SK,2015,6,12,NA,NA,52.6367,-106.8517,n,alive
R44,0738-07776,rs,0,NW of Mahtowa,MN,2016,6,2,NA,NA,46.3100,-92.6667,n,alive
R44,0738-07776,rs,0,NW Five Points,TX,2018,11,5,NA,NA,32.2869,-96.9175,n,alive
R47,0738-07779,rs,0,N of Nora,SK,2016,5,10,NA,NA,52.4253,-103.8322,n,alive
R52,0738-07784,rs,0,3.8 Mi E Algrove,SK,2017,7,26,NA,NA,52.4919,-103.8067,n,alive
R52,0738-07784,rs,0,3.8 Mi E Algrove,SK,2018,8,10,NA,NA,52.4919,-103.8067,n,alive
R62,0738-07794,rs,0,Wendte,SD,2015,5,23,NA,NA,44.4486,-100.3881,n,alive
R62,0738-07794,rs,0,Wendte,SD,2015,6,2,NA,NA,44.4486,-100.3881,n,alive
R62,0738-07794,rs,0,2.5 W Environ,SK,2017,5,9,NA,NA,52.2311,-107.3367,n,alive
R68,0738-07800,rs,0,W of Tugaske,SK,2019,7,15,NA,NA,50.8667,-106.3333,n,alive
R71,0738-07803,rs,0,N of Richard,SK,2014,9,27,NA,NA,52.7408,-107.6983,n,alive
R80,0738-07812,rs,0,NE of Gapview,SK,2016,9,17,NA,NA,49.8689,-102.6197,n,alive
R80,0738-07812,rs,0,S of Kipling,SK,2017,7,9,NA,NA,49.9858,-102.6200,n,alive
R84,0738-07816,rs,0,Miami,MB,2016,8,28,NA,NA,49.4064,-98.3222,n,alive
R84,0738-07816,rs,0,Jud,ND,2016,5,15,NA,NA,46.4322,-98.9547,n,alive
R89,0738-07821,rs,0,W Swanson,SK,2016,9,15,NA,NA,51.6983,-107.2875,n,alive
R90,0738-07822,rs,0,Waurika,OK,2016,6,9,NA,NA,34.1667,-97.9833,n,dead
R92,0738-07824,rs,0,Valentine,NE,2015,6,17,NA,NA,42.9022,-100.4131,n,alive
R92,0738-07824,rs,0,SSE Undora,SK,2017,5,13,NA,NA,51.5139,-105.2292,n,alive
R95,0738-07827,rs,0,Stettler,AB,2016,7,25,NA,NA,52.3269,-112.7203,n,alive
R97,0738-07829,rs,0,N of Leoville,SK,2014,9,10,NA,NA,53.6622,-107.5528,n,dead
00H,0738-07833,rs,0,3.8 Mi E Algrove,SK,2018,8,2,NA,NA,52.4919,-103.8067,n,alive
08H,0738-07841,rs,0,1.1E Northside,SK,2017,8,7,NA,NA,53.5103,-105.7317,n,alive
12H,0738-07845,rs,0,ESE Hinsdale,MT,2018,4,23,NA,NA,48.3936,-107.0833,n,alive
15H,0738-07848,rs,0,Coalridge,MT,2015,9,27,NA,NA,48.6983,-104.1892,n,alive
18H,0738-07851,rs,0,Shellbrook,SK,2015,4,16,NA,NA,53.2203,-106.3886,n,alive
20H,0738-07851,rs,0,Barrier Lake,SK,2016,8,29,NA,NA,52.5014,-103.8047,n,alive
22H,0738-07855,rs,0,Forbes,ND,2015,7,1,NA,NA,45.9461,-98.7786,n,alive
25H,0738-07858,rs,0,Buffalo Jump,AB,2016,7,15,NA,NA,49.7053,-113.6556,n,alive
26H,0738-07859,rs,0,N of Francis,SK,,4,21,NA,NA,50.1061,-103.9167,n,alive
29H,0738-07862,rs,0,.6 mi E of Glaslyn,SK,2017,7,13,NA,NA,53.3600,-108.3394,n,alive
38H,0738-07871,rs,0,Fort Vermillion,AB,2018,4,29,NA,NA,58.3872,-116.0197,n,alive
42H,0738-07875,rs,0,S of Parkman,SK,2016,7,31,NA,NA,49.6608,-101.9242,n,alive
45H,0738-07878,rs,0,2.7 mi NE Vera,SK,2018,5,13,NA,NA,52.5869,-109.2683,n,alive
56H,0738-07889,rs,0,N of Richard,SK,2014,9,27,NA,NA,52.7408,-107.6983,n,alive
58H,0738-07891,rs,0,ENE Nipawin,SK,2017,8,16,NA,NA,53.4633,-103.8125,n,alive
58H,0738-07891,rs,0,Forbes,ND,2015,7,1,NA,NA,45.9461,-98.7786,n,alive
58H,0738-07891,rs,0,2mi NW Nipawin,SK,2019,5,20,NA,NA,53.3875,-104.0639,n,alive
11X,0738-07895,rs,0,Kalium,SK,2016,6,21,NA,NA,50.5644,-105.2667,n,alive
14X,0738-07898,rs,0,Deloraine,MB,2015,8,21,NA,NA,49.1908,-100.4278,n,alive
14X,0738-07898,rs,0,W of Archerwill,SK,2018,5,27,NA,NA,52.4381,-103.9414,n,alive
01A,0738-08826,rs,0,3.8 Mi E Algrove,SK,2017,9,10,NA,NA,52.4919,-103.8067,n,alive
09A,0738-08834,rs,0,ESE Hinsdale,MT,2017,5,12,NA,NA,48.3856,-107.0600,n,alive
13A,0738-08838,rs,0,Hinsdale,MT,2016,9,17,NA,NA,48.3881,-107.0656,n,alive
14A,0738-08839,rs,0,McDonald Creek,SK,2016,7,,NA,NA,51.6011,-107.1536,n,alive
14A,0738-08839,rs,0,Donavon,SK,2016,7,9,NA,NA,51.7758,-107.2019,n,alive
16A,0738-08841,rs,0,SSW Rutland,SK,2017,9,6,NA,NA,52.4928,-109.6261,n,alive
21A,0738-08846,rs,0,1.5mi S St. Victor,SK,2016,6,22,NA,NA,49.4169,-105.8719,n,alive
21A,0738-08846,rs,0,Spring Creek,SK,2016,7,16,NA,NA,49.8708,-105.4056,n,alive
33A,0738-08847,rs,0,Dinero,TX,2015,12,9,NA,NA,28.2275,-97.9597,n,alive
33A,0738-08847,rs,0,Manyberries,AB,2017,5,1,NA,NA,49.1333,-110.4667,n,alive
34A,0738-08848,rs,0,3.8 Mi E Algrove,SK,2017,5,15,NA,NA,52.4919,-103.8067,n,alive
34A,0738-08848,rs,0,1.5 mi Archerwill,SK,2018,6,5,NA,NA,52.4311,-103.8042,n,alive
35A,0738-08849,rs,0,Snowden,SK,2018,6,5,NA,NA,53.4833,-104.6828,n,alive
36A,0738-08850,rs,0,S of Dahlton,SK,2017,7,4,NA,NA,52.3933,-104.1178,n,alive
44A,0738-08858,rs,0,4 mi SE of Leask,SK,2019,5,12,NA,NA,52.9847,-106.6686,n,alive
45A,0738-08859,rs,0,3.5 mi W Dahlton,SK,2017,9,27,NA,NA,52.4508,-104.1531,n,alive
45A,0738-08859,rs,0,3.8 Mi E Algrove,SK,2017,7,19,NA,NA,52.4919,-103.8067,n,alive
46A,0738-08860,rs,0,Kennell,SK,2016,7,27,NA,NA,50.7722,-104.6761,n,alive
47A,0738-08861,rs,0,McClean County,ND,2018,9,26,NA,NA,47.7581,-101.2989,n,alive
48A,0738-08862,rs,0,3.8 Mi E Algrove,SK,2017,5,30,NA,NA,52.4919,-103.8067,n,alive
49A,0738-08863,rs,0,4.1mi Cooking Lake,SK,2019,4,30,NA,NA,53.3947,-113.0269,n,alive
52A,0738-08866,rs,0,3.2mi ESE White Star,SK,2019,4,22,NA,NA,53.2817,-105.6617,n,alive
63H,0738-08869,rs,0,Dawson Bay,MB,2018,5,19,NA,NA,52.9919,-101.0119,n,alive
65H,0738-08871,rs,0,3.8 Mi E Algrove,SK,2017,7,31,NA,NA,52.4919,-103.8067,n,alive
76H,0738-08882,rs,0,Lethbridge,AB,2016,6,23,NA,NA,49.7011,-112.8611,n,alive
86H,0738-08892,rs,0,10 km E of Olds,AB,2018,9,4,NA,NA,51.7917,-113.9350,n,alive
89H,0738-08895,rs,0,SSE Vawn,SK,2017,5,21,NA,NA,53.0725,-108.7303,n,alive
89H,0738-08895,rs,0,.2 mi NE Fort Peck,MT,2017,7,24,NA,NA,48.0186,-106.4439,n,alive
92H,0738-08898,rs,0,Fort Peck Dam,MT,2016,8,22,NA,NA,47.8667,-106.6333,n,alive
93H,0738-08899,rs,0,Kenmare,ND,2016,8,10,NA,NA,48.6844,-102.1428,n,alive
93H,0738-08899,rs,0,E of Young,SK,2017,5,16,NA,NA,51.7642,-105.6183,n,alive
V45,0738-08909,rs,0,Bear Creek,AB,2017,5,18,NA,NA,53.1903,-110.5906,n,alive
V48,0738-08912,rs,0,Milestone,SK,2018,4,29,NA,NA,49.9419,-104.5969,n,alive
17X,0738-08914,rs,0,N of Archerwill,SK,2018,5,27,NA,NA,52.4917,-103.8572,n,alive
21X,0738-08918,rs,0,3.5 mi W Dahlton,SK,2017,9,18,NA,NA,52.4508,-104.1531,n,alive
31X,0738-08928,rs,0,Leacross,SK,2017,5,27,NA,NA,53.0439,-104.0053,n,alive
48X,0738-08945,rs,0,Coalridge,MT,2015,9,27,NA,NA,48.6983,-104.1892,n,alive
23A,0738-07322,rs,0,Hinsdale,MT,2018,9,21,NA,NA,48.3914,-107.0858,n,alive
25A,0738-07324,rs,0,S Shaunavon,SK,2018,5,26,NA,NA,49.4464,-108.3256,n,alive
56A,0738-07335,rs,0,Beaver Creek,SK,2018,5,30,NA,NA,51.9519,-106.6858,n,alive
57A,0738-07336,rs,0,4mi NE Clavet,SK,2019,5,6,NA,NA,52.1222,-106.3711,n,alive
59A,0738-07338,rs,0,Ross Junction,SK,2019,6,12,NA,NA,51.6375,-102.3406,n,alive
69A,0738-07348,rs,0,WSW of Phillips,WI,2018,5,4,NA,NA,45.8044,-90.4725,n,alive
71A,0738-07350,rs,0,1.5mi ESE Archerwill,SK,2019,5,7,NA,NA,52.4311,-103.8042,n,alive
78A,0738-07357,rs,0,E of Dahlton,SK,2018,6,16,NA,NA,52.4522,-104.0542,n,alive
80A,0738-07359,rs,0,Juchitan,OAX,2016,10,24,NA,NA,20.0833,-104.1167,n,alive
83A,07.8-07362,rs,0,9.3mi NE Tofield,AB,2019,7,24,NA,NA,53.4658,-112.5069,n,alive
90A,0738-07369,rs,0,Guarico,VZ,2017,2,9,NA,NA,8.5600,-67.2600,n,dead
94A,0738-07373,rs,0,3mi N of Richard,SK,2016,9,5,NA,NA,52.7408,-107.6983,n,alive
95A,0738-07374,rs,0,3mi N of Richard,SK,2016,9,5,NA,NA,52.7408,-107.6983,n,alive
97A,0738-07376,rs,0,Alix,AB,2019,6,4,NA,NA,52.3978,-113.1928,n,alive
99A,0738-07378,rs,0,3.8 Mi E Algrove,SK,2018,6,30,NA,NA,52.4919,-103.8067,n,alive
Z18,0738-07384,rs,0,E of Dahlton,SK,2018,6,16,NA,NA,52.4522,-104.0542,n,alive
H8,0738-02564,rs,0,Macdowall,SK,2006,6,23,NA,NA,53.0047,-106.2500,n,alive
H8,0738-02564,rs,0,Garthland,SK,2007,8,25,NA,NA,53.0047,-106.3128,n,alive
T2,0738-03653,rs,F,Leoville,SK,2011,5,2,NA,NA,53.6706,-107.5219,n,alive
T2,0738-03653,rs,F,Leoville,SK,2011,5,16,NA,NA,53.6875,-107.5519,n,alive
T4/Z3,0738-04685,rs,0,4.5mi S of Borden,SK,2018,5,4,NA,NA,52.3406,-107.2375,n,alive
Z7,0738-07564,rs,F,Borden,SK,2014,5,21,NA,NA,52.3989,-107.2475,n,alive
Z7,0738-07564,rs,F,Borden,SK,2014,7,10,NA,NA,52.3347,-107.3383,n,alive
Z7,0738-07564,rs,F,Hutt Roost,SK,2013,7,29,NA,NA,52.3347,-107.3258,n,alive
Z8,0738-07565,rs,F,NW of Glenbrea,SK,2014,4,19,NA,NA,50.8347,-104.7767,n,alive
Z8,0738-07565,rs,F,10 mi N of Asquith,SK,,,,NA,NA,52.3169,-107.2042,n,dead
Z10,0738-07567,rs,M,NE Swale,SK,2015,5,15,NA,NA,52.1767,-106.5744,n,alive
52A,0738-08866,rs,0,ENE White Star,SK,2017,4,25,NA,NA,53.2167,-105.5831,n,alive
AAH,0738-03735,rs,0,Kyle,SK,2010,5,26,NA,NA,50.8344,-108.0361,n,alive
AAJ,0738-03737,rs,0,Moose Lake,AB,2011,7,30,NA,NA,54.2864,-110.9042,n,alive
AAN,0738-03741,rs,0,10 mi W Choteau,MT,2009,5,15,NA,NA,47.8122,-112.4094,n,alive
AAN,0738-03741,rs,0,,SK,2011,4,24,NA,NA,,,n,alive
AAX,0738-03750,rs,0,E of Canora,SK,2010,5,10,NA,NA,51.6425,-102.3453,n,alive
ABT,0738-05414,rs,0,E Cypress Hills,SK,2010,6,20,NA,NA,49.6047,-109.7786,n,alive
ABT,0738-05414,rs,0,Kyle,SK,2013,4,29,NA,NA,50.8344,-108.0361,n,alive
ACA,0738-05419,rs,0,Leoville,SK,2012,4,20,NA,NA,53.6367,-107.5539,n,alive
ACK,0738-05428,rs,0,Cabri,SK,2011,10,7,NA,NA,50.6325,-108.5025,n,alive
ACK,0738-05428,rs,0,Tyvan,SK,2013,4,16,NA,NA,50.0472,-103.7278,n,alive
ACL,0738-05429,rs,0,Meeting Creek,AB,2012,5,2,NA,NA,52.7278,-112.5842,n,alive
ACV,0738-05435,rs,0,3mi E of Moran,KS,2010,5,14,NA,NA,37.9183,-95.1147,n,alive
ACX,0738-04686,rs,0,Venezuela,,2013,2,12,NA,NA,9.0000,-71.5600,n,alive
AHH,0738-05446,rs,0,Redberry Lake,SK,2014,9,1,NA,NA,52.7478,-107.0928,n,alive
AIB,0738-06535,rs,0,N of Waseca,SK,2013,5,31,NA,NA,53.1903,-109.4656,n,alive
AIV,0738-06550,rs,0,N of Krydor,SK,2013,8,14,NA,NA,52.8014,-107.0681,n,alive
ALI,0738-06579,rs,0,S Lac Pelletier,SK,2014,7,26,NA,NA,49.9100,-107.8475,n,alive
ANJ,0738-07533,rs,0,El Salvador,,2012,10,30,NA,NA,,,n,alive
ANL,0738-07535,rs,0,Venezuela,,2013,1,23,NA,NA,11.7775,-70.2419,n,alive
AMC,0738-07539,rs,0,Barquisimeto Zoo,,2013,12,20,NA,NA,10.0794,-69.3033,n,alive
AMR,0738-07550,rs,0,Trafton Park - Malta,MT,2013,6,9,NA,NA,48.3633,-107.8739,n,alive
AOB,0738-07728,rs,0,Property,,2014,5,18,NA,NA,50.7944,-109.5875,n,alive
AOT,0738-07745,rs,0,Eureka,SD,2013,10,16,NA,NA,45.7744,-99.6144,n,alive
APS,0738-07765,rs,0,Ryley,AB,2017,,,NA,NA,53.2836,-112.4164,n,alive
ARH,0738-05845,rs,0,3.8 Mi E Algrove,SK,2017,8,3,NA,NA,52.4919,-103.8067,n,alive
ASE,0738-05864,rs,0,"Oahe Dam, Stanley",SD,2015,9,24,NA,NA,44.4428,-100.3900,n,alive